2025-08-21 09:10:33,186 - Knowledge - INFO - Redis support added with prefix knowledge:b8355y4:
2025-08-21 09:10:34,473 - Knowledge - INFO - load persisted knowledge: begin
2025-08-21 09:10:34,478 - Knowledge - INFO - load persisted knowledge: end
2025-08-21 09:10:34,479 - Knowledge - INFO - load persisted docinfo: begin
2025-08-21 09:10:34,481 - Knowledge - INFO - load persisted docinfo: end
2025-08-21 09:10:34,966 - Knowledge - INFO - worker kw1 created with dedicated MongoDB connection (total: 1)
2025-08-21 09:10:34,967 - Knowledge - INFO - knowledge worker kw1 start
2025-08-21 09:10:34,968 - Knowledge - INFO - worker kw1 pull /app/data/b2c/9453/b8355y4/meta-rdk-9453/recipes-test/hello/files/hello.c from ingest queue
2025-08-21 09:10:34,971 - Knowledge - INFO - worker kw2 created with dedicated MongoDB connection (total: 2)
2025-08-21 09:10:34,972 - Knowledge - INFO - knowledge worker kw2 start
2025-08-21 09:10:34,972 - Knowledge - INFO - worker kw2 pull /app/data/b2c/9453/b8355y4/meta-rdk-9453/recipes-test/hello/files/run-hello-app.sh from ingest queue
2025-08-21 09:10:34,975 - Knowledge - INFO - worker kw3 created with dedicated MongoDB connection (total: 3)
2025-08-21 09:10:34,975 - Knowledge - INFO - knowledge worker kw3 start
2025-08-21 09:10:34,976 - Knowledge - INFO - worker kw4 created with dedicated MongoDB connection (total: 4)
2025-08-21 09:10:34,977 - Knowledge - INFO - knowledge worker kw4 start
2025-08-21 09:10:34,979 - Knowledge - INFO - worker kw5 created with dedicated MongoDB connection (total: 5)
2025-08-21 09:10:34,980 - Knowledge - INFO - knowledge worker kw5 start
2025-08-21 09:10:34,981 - Knowledge - INFO - worker kw5 pull /app/data/b2c/9453/b8355y4/meta-rdk-9453/recipes-test/leakcheck-msg/files/utility.c from ingest queue
2025-08-21 09:10:34,984 - Knowledge - INFO - worker kw6 created with dedicated MongoDB connection (total: 6)
2025-08-21 09:10:34,984 - Knowledge - INFO - knowledge worker kw6 start
2025-08-21 09:10:34,985 - Knowledge - INFO - worker kw7 created with dedicated MongoDB connection (total: 7)
2025-08-21 09:10:34,986 - Knowledge - INFO - knowledge worker kw7 start
2025-08-21 09:10:34,987 - Knowledge - INFO - worker kw8 created with dedicated MongoDB connection (total: 8)
2025-08-21 09:10:34,988 - Knowledge - INFO - knowledge worker kw8 start
2025-08-21 09:10:34,989 - Knowledge - INFO - worker kw9 created with dedicated MongoDB connection (total: 9)
2025-08-21 09:10:34,989 - Knowledge - INFO - knowledge worker kw9 start
2025-08-21 09:10:34,990 - Knowledge - INFO - worker kw10 created with dedicated MongoDB connection (total: 10)
2025-08-21 09:10:35,065 - Knowledge - INFO - knowledge worker kw10 start
2025-08-21 09:10:35,066 - Knowledge - INFO - worker kw9 pull /app/data/b2c/9453/b8355y4/meta-rdk-9453/recipes-test/leakcheck-msg/files/msgq_receive.c from ingest queue
2025-08-21 09:10:35,067 - Knowledge - INFO - worker kw10 pull /app/data/b2c/9453/b8355y4/meta-rdk-9453/conf/include/basehash_ignore_vars.inc from ingest queue
2025-08-21 09:10:35,068 - Knowledge - INFO - worker kw7 pull /app/data/b2c/9453/b8355y4/meta-rdk-9453/conf/include/hashbase_whitelist.inc from ingest queue
2025-08-21 09:10:35,075 - Knowledge - INFO - worker kw6 pull /app/data/b2c/9453/b8355y4/meta-rdk-9453/conf/conf-notes.txt from ingest queue
2025-08-21 09:10:35,077 - Knowledge - INFO - worker kw4 pull /app/data/b2c/9453/b8355y4/meta-rdk-9453/conf/distro/include/rdk-esdk-conf.inc from ingest queue
2025-08-21 09:10:35,079 - Knowledge - INFO - worker kw8 pull /app/data/b2c/9453/b8355y4/meta-rdk-9453/conf/distro/include/libsoup2.inc from ingest queue
2025-08-21 09:10:35,080 - Knowledge - INFO - worker kw3 pull /app/data/b2c/9453/b8355y4/meta-rdk-9453/conf/distro/include/qt5-versions.inc from ingest queue
2025-08-21 09:10:35,086 - Knowledge - INFO - worker kw11 created with dedicated MongoDB connection (total: 11)
2025-08-21 09:10:35,086 - Knowledge - INFO - knowledge worker kw11 start
2025-08-21 09:10:35,167 - Knowledge - INFO - worker kw11 pull /app/data/b2c/9453/b8355y4/meta-rdk-9453/conf/distro/include/gstreamer-versions.inc from ingest queue
2025-08-21 09:10:35,178 - Knowledge - INFO - process ingested knowledge for /app/data/b2c/9453/b8355y4/meta-rdk-9453/recipes-test/hello/files/run-hello-app.sh
2025-08-21 09:10:35,180 - Knowledge - INFO - worker kw12 created with dedicated MongoDB connection (total: 12)
2025-08-21 09:10:35,181 - Knowledge - INFO - knowledge worker kw12 start
2025-08-21 09:10:35,264 - Knowledge - INFO - Found code-base-name: https://github.com/kavia-common/meta-rdk-9453.git:kavia-master
2025-08-21 09:10:35,264 - Knowledge - INFO - Found code_base: <app.utils.kg_build.knowledge.KnowledgeCodeBase object at 0x7f1be85a43d0>
2025-08-21 09:10:35,264 - Knowledge - INFO - persist ingested knowledge for /app/data/b2c/9453/b8355y4/meta-rdk-9453/recipes-test/hello/files/run-hello-app.sh
2025-08-21 09:10:35,274 - Knowledge - INFO - worker kw13 created with dedicated MongoDB connection (total: 13)
2025-08-21 09:10:35,275 - Knowledge - INFO - knowledge worker kw13 start
2025-08-21 09:10:35,277 - Knowledge - INFO - process ingested knowledge for /app/data/b2c/9453/b8355y4/meta-rdk-9453/conf/conf-notes.txt
2025-08-21 09:10:35,280 - Knowledge - INFO - worker kw14 created with dedicated MongoDB connection (total: 14)
2025-08-21 09:10:35,281 - Knowledge - INFO - knowledge worker kw14 start
2025-08-21 09:10:35,282 - Knowledge - INFO - process ingested knowledge for /app/data/b2c/9453/b8355y4/meta-rdk-9453/conf/include/hashbase_whitelist.inc
2025-08-21 09:10:35,364 - Knowledge - INFO - process ingested knowledge for /app/data/b2c/9453/b8355y4/meta-rdk-9453/recipes-test/leakcheck-msg/files/utility.c
2025-08-21 09:10:35,365 - Knowledge - INFO - process ingested knowledge for /app/data/b2c/9453/b8355y4/meta-rdk-9453/recipes-test/leakcheck-msg/files/msgq_receive.c
2025-08-21 09:10:35,367 - Knowledge - INFO - process ingested knowledge for /app/data/b2c/9453/b8355y4/meta-rdk-9453/recipes-test/hello/files/hello.c
2025-08-21 09:10:35,368 - Knowledge - INFO - worker kw15 created with dedicated MongoDB connection (total: 15)
2025-08-21 09:10:35,369 - Knowledge - INFO - knowledge worker kw15 start
2025-08-21 09:10:35,371 - Knowledge - INFO - worker kw16 created with dedicated MongoDB connection (total: 16)
2025-08-21 09:10:35,372 - Knowledge - INFO - knowledge worker kw16 start
2025-08-21 09:10:35,374 - Knowledge - INFO - worker kw17 created with dedicated MongoDB connection (total: 17)
2025-08-21 09:10:35,375 - Knowledge - INFO - process ingested knowledge for /app/data/b2c/9453/b8355y4/meta-rdk-9453/conf/distro/include/libsoup2.inc
2025-08-21 09:10:35,465 - Knowledge - INFO - process ingested knowledge for /app/data/b2c/9453/b8355y4/meta-rdk-9453/conf/distro/include/gstreamer-versions.inc
2025-08-21 09:10:35,466 - Knowledge - INFO - knowledge worker kw17 start
2025-08-21 09:10:35,470 - Knowledge - INFO - process ingested knowledge for /app/data/b2c/9453/b8355y4/meta-rdk-9453/conf/distro/include/rdk-esdk-conf.inc
2025-08-21 09:10:35,471 - Knowledge - INFO - process ingested knowledge for /app/data/b2c/9453/b8355y4/meta-rdk-9453/conf/distro/include/qt5-versions.inc
2025-08-21 09:10:35,471 - Knowledge - INFO - worker kw18 created with dedicated MongoDB connection (total: 18)
2025-08-21 09:10:35,472 - Knowledge - INFO - knowledge worker kw18 start
2025-08-21 09:10:35,476 - Knowledge - INFO - process ingested knowledge for /app/data/b2c/9453/b8355y4/meta-rdk-9453/conf/include/basehash_ignore_vars.inc
2025-08-21 09:10:35,482 - Knowledge - INFO - worker kw19 created with dedicated MongoDB connection (total: 19)
2025-08-21 09:10:35,484 - Knowledge - INFO - knowledge worker kw19 start
2025-08-21 09:10:35,499 - Knowledge - INFO - worker kw12 pull /app/data/b2c/9453/b8355y4/meta-rdk-9453/conf/distro/include/rdkc.inc from ingest queue
2025-08-21 09:10:35,500 - Knowledge - INFO - worker kw13 pull /app/data/b2c/9453/b8355y4/meta-rdk-9453/conf/distro/include/rdk_security_flags.inc from ingest queue
2025-08-21 09:10:35,565 - Knowledge - INFO - worker kw20 created with dedicated MongoDB connection (total: 20)
2025-08-21 09:10:35,566 - Knowledge - INFO - knowledge worker kw20 start
2025-08-21 09:10:35,567 - Knowledge - INFO - worker kw14 pull /app/data/b2c/9453/b8355y4/meta-rdk-9453/conf/distro/include/rdk_multilib.inc from ingest queue
2025-08-21 09:10:35,568 - Knowledge - INFO - Found code-base-name: https://github.com/kavia-common/meta-rdk-9453.git:kavia-master
2025-08-21 09:10:35,568 - Knowledge - INFO - Found code_base: <app.utils.kg_build.knowledge.KnowledgeCodeBase object at 0x7f1be85a43d0>
2025-08-21 09:10:35,568 - Knowledge - INFO - persist ingested knowledge for /app/data/b2c/9453/b8355y4/meta-rdk-9453/conf/conf-notes.txt
2025-08-21 09:10:35,569 - Knowledge - INFO - Found code-base-name: https://github.com/kavia-common/meta-rdk-9453.git:kavia-master
2025-08-21 09:10:35,569 - Knowledge - INFO - Found code_base: <app.utils.kg_build.knowledge.KnowledgeCodeBase object at 0x7f1be85a43d0>
2025-08-21 09:10:35,569 - Knowledge - INFO - persist ingested knowledge for /app/data/b2c/9453/b8355y4/meta-rdk-9453/recipes-test/leakcheck-msg/files/utility.c
2025-08-21 09:10:35,571 - Knowledge - INFO - Found code-base-name: https://github.com/kavia-common/meta-rdk-9453.git:kavia-master
2025-08-21 09:10:35,571 - Knowledge - INFO - Found code_base: <app.utils.kg_build.knowledge.KnowledgeCodeBase object at 0x7f1be85a43d0>
2025-08-21 09:10:35,571 - Knowledge - INFO - persist ingested knowledge for /app/data/b2c/9453/b8355y4/meta-rdk-9453/conf/include/hashbase_whitelist.inc
2025-08-21 09:10:35,571 - Knowledge - INFO - worker kw15 pull /app/data/b2c/9453/b8355y4/meta-rdk-9453/conf/distro/include/rdkvemu.inc from ingest queue
2025-08-21 09:10:35,572 - Knowledge - INFO - Found code-base-name: https://github.com/kavia-common/meta-rdk-9453.git:kavia-master
2025-08-21 09:10:35,573 - Knowledge - INFO - Found code_base: <app.utils.kg_build.knowledge.KnowledgeCodeBase object at 0x7f1be85a43d0>
2025-08-21 09:10:35,573 - Knowledge - INFO - persist ingested knowledge for /app/data/b2c/9453/b8355y4/meta-rdk-9453/recipes-test/hello/files/hello.c
2025-08-21 09:10:35,573 - Knowledge - INFO - worker kw16 pull /app/data/b2c/9453/b8355y4/meta-rdk-9453/conf/distro/include/rdk-external-src.inc from ingest queue
2025-08-21 09:10:35,575 - Knowledge - WARNING - High connection count: 21 connections active
2025-08-21 09:10:35,575 - Knowledge - INFO - worker kw21 created with dedicated MongoDB connection (total: 21)
2025-08-21 09:10:35,575 - Knowledge - INFO - knowledge worker kw21 start
2025-08-21 09:10:35,578 - Knowledge - INFO - Found code-base-name: https://github.com/kavia-common/meta-rdk-9453.git:kavia-master
2025-08-21 09:10:35,578 - Knowledge - INFO - Found code_base: <app.utils.kg_build.knowledge.KnowledgeCodeBase object at 0x7f1be85a43d0>
2025-08-21 09:10:35,578 - Knowledge - INFO - persist ingested knowledge for /app/data/b2c/9453/b8355y4/meta-rdk-9453/recipes-test/leakcheck-msg/files/msgq_receive.c
2025-08-21 09:10:35,579 - Knowledge - INFO - worker kw17 pull /app/data/b2c/9453/b8355y4/meta-rdk-9453/conf/distro/include/rdkx.inc from ingest queue
2025-08-21 09:10:35,580 - Knowledge - INFO - Found code-base-name: https://github.com/kavia-common/meta-rdk-9453.git:kavia-master
2025-08-21 09:10:35,580 - Knowledge - INFO - Found code_base: <app.utils.kg_build.knowledge.KnowledgeCodeBase object at 0x7f1be85a43d0>
2025-08-21 09:10:35,580 - Knowledge - INFO - persist ingested knowledge for /app/data/b2c/9453/b8355y4/meta-rdk-9453/conf/distro/include/libsoup2.inc
2025-08-21 09:10:35,581 - Knowledge - INFO - Found code-base-name: https://github.com/kavia-common/meta-rdk-9453.git:kavia-master
2025-08-21 09:10:35,581 - Knowledge - INFO - Found code_base: <app.utils.kg_build.knowledge.KnowledgeCodeBase object at 0x7f1be85a43d0>
2025-08-21 09:10:35,581 - Knowledge - INFO - persist ingested knowledge for /app/data/b2c/9453/b8355y4/meta-rdk-9453/conf/distro/include/gstreamer-versions.inc
2025-08-21 09:10:35,581 - Knowledge - INFO - worker kw18 pull /app/data/b2c/9453/b8355y4/meta-rdk-9453/conf/distro/include/rdk_backtrace_log.inc from ingest queue
2025-08-21 09:10:35,582 - Knowledge - WARNING - High connection count: 22 connections active
2025-08-21 09:10:35,582 - Knowledge - INFO - worker kw22 created with dedicated MongoDB connection (total: 22)
2025-08-21 09:10:35,582 - Knowledge - INFO - knowledge worker kw22 start
2025-08-21 09:10:35,582 - Knowledge - INFO - Found code-base-name: https://github.com/kavia-common/meta-rdk-9453.git:kavia-master
2025-08-21 09:10:35,582 - Knowledge - INFO - Found code_base: <app.utils.kg_build.knowledge.KnowledgeCodeBase object at 0x7f1be85a43d0>
2025-08-21 09:10:35,583 - Knowledge - INFO - persist ingested knowledge for /app/data/b2c/9453/b8355y4/meta-rdk-9453/conf/distro/include/rdk-esdk-conf.inc
2025-08-21 09:10:35,584 - Knowledge - INFO - Found code-base-name: https://github.com/kavia-common/meta-rdk-9453.git:kavia-master
2025-08-21 09:10:35,584 - Knowledge - INFO - Found code_base: <app.utils.kg_build.knowledge.KnowledgeCodeBase object at 0x7f1be85a43d0>
2025-08-21 09:10:35,584 - Knowledge - INFO - persist ingested knowledge for /app/data/b2c/9453/b8355y4/meta-rdk-9453/conf/distro/include/qt5-versions.inc
2025-08-21 09:10:35,584 - Knowledge - INFO - Found code-base-name: https://github.com/kavia-common/meta-rdk-9453.git:kavia-master
2025-08-21 09:10:35,584 - Knowledge - INFO - Found code_base: <app.utils.kg_build.knowledge.KnowledgeCodeBase object at 0x7f1be85a43d0>
2025-08-21 09:10:35,584 - Knowledge - INFO - persist ingested knowledge for /app/data/b2c/9453/b8355y4/meta-rdk-9453/conf/include/basehash_ignore_vars.inc
2025-08-21 09:10:35,585 - Knowledge - INFO - worker kw19 pull /app/data/b2c/9453/b8355y4/meta-rdk-9453/conf/distro/include/libsoup3.inc from ingest queue
2025-08-21 09:10:35,586 - Knowledge - INFO - adding /app/data/b2c/9453/b8355y4/meta-rdk-9453/recipes-test/hello/files/run-hello-app.sh to ingest queue
2025-08-21 09:10:35,588 - Knowledge - WARNING - High connection count: 23 connections active
2025-08-21 09:10:35,588 - Knowledge - INFO - worker kw23 created with dedicated MongoDB connection (total: 23)
2025-08-21 09:10:35,668 - Knowledge - INFO - knowledge worker kw23 start
2025-08-21 09:10:35,672 - Knowledge - WARNING - High connection count: 24 connections active
2025-08-21 09:10:35,672 - Knowledge - INFO - worker kw24 created with dedicated MongoDB connection (total: 24)
2025-08-21 09:10:35,674 - Knowledge - INFO - knowledge worker kw24 start
2025-08-21 09:10:35,676 - Knowledge - WARNING - High connection count: 25 connections active
2025-08-21 09:10:35,676 - Knowledge - INFO - worker kw25 created with dedicated MongoDB connection (total: 25)
2025-08-21 09:10:35,677 - Knowledge - INFO - knowledge worker kw25 start
2025-08-21 09:10:35,766 - Knowledge - INFO - process ingested knowledge for /app/data/b2c/9453/b8355y4/meta-rdk-9453/conf/distro/include/rdk_multilib.inc
2025-08-21 09:10:35,768 - Knowledge - INFO - process ingested knowledge for /app/data/b2c/9453/b8355y4/meta-rdk-9453/conf/distro/include/rdk_security_flags.inc
2025-08-21 09:10:35,773 - Knowledge - INFO - process ingested knowledge for /app/data/b2c/9453/b8355y4/meta-rdk-9453/conf/distro/include/rdk-external-src.inc
2025-08-21 09:10:35,775 - Knowledge - INFO - process ingested knowledge for /app/data/b2c/9453/b8355y4/meta-rdk-9453/conf/distro/include/rdkvemu.inc
2025-08-21 09:10:35,865 - Knowledge - INFO - process ingested knowledge for /app/data/b2c/9453/b8355y4/meta-rdk-9453/conf/distro/include/rdk_backtrace_log.inc
2025-08-21 09:10:35,867 - Knowledge - INFO - process ingested knowledge for /app/data/b2c/9453/b8355y4/meta-rdk-9453/conf/distro/include/rdkc.inc
2025-08-21 09:10:35,871 - Knowledge - INFO - process ingested knowledge for /app/data/b2c/9453/b8355y4/meta-rdk-9453/conf/distro/include/libsoup3.inc
2025-08-21 09:10:35,882 - Knowledge - INFO - process ingested knowledge for /app/data/b2c/9453/b8355y4/meta-rdk-9453/conf/distro/include/rdkx.inc
2025-08-21 09:10:36,092 - Knowledge - INFO - worker kw20 pull /app/data/b2c/9453/b8355y4/meta-rdk-9453/conf/distro/include/license_flags_whitelist.inc from ingest queue
2025-08-21 09:10:36,277 - Knowledge - INFO - process ingested knowledge for /app/data/b2c/9453/b8355y4/meta-rdk-9453/conf/distro/include/license_flags_whitelist.inc
2025-08-21 09:10:37,490 - Knowledge - INFO - worker kw2 pull /app/data/b2c/9453/b8355y4/meta-rdk-9453/conf/distro/include/setscene_enforce_ignore_tasks.inc from ingest queue
2025-08-21 09:10:37,493 - Knowledge - INFO - worker kw21 pull /app/data/b2c/9453/b8355y4/meta-rdk-9453/conf/distro/include/rdkb_backtrace_log.inc from ingest queue
2025-08-21 09:10:37,494 - Knowledge - INFO - worker kw24 pull /app/data/b2c/9453/b8355y4/meta-rdk-9453/conf/distro/include/rdkb.inc from ingest queue
2025-08-21 09:10:37,495 - Knowledge - INFO - worker kw22 pull /app/data/b2c/9453/b8355y4/meta-rdk-9453/conf/distro/include/rdk_lto.inc from ingest queue
2025-08-21 09:10:37,500 - Knowledge - INFO - worker kw25 pull /app/data/b2c/9453/b8355y4/meta-rdk-9453/conf/distro/include/rdkv.inc from ingest queue
2025-08-21 09:10:37,568 - Knowledge - INFO - Found code-base-name: https://github.com/kavia-common/meta-rdk-9453.git:kavia-master
2025-08-21 09:10:37,568 - Knowledge - INFO - Found code_base: <app.utils.kg_build.knowledge.KnowledgeCodeBase object at 0x7f1be85a43d0>
2025-08-21 09:10:37,568 - Knowledge - INFO - persist ingested knowledge for /app/data/b2c/9453/b8355y4/meta-rdk-9453/conf/distro/include/rdk_multilib.inc
2025-08-21 09:10:37,568 - Knowledge - INFO - Found code-base-name: https://github.com/kavia-common/meta-rdk-9453.git:kavia-master
2025-08-21 09:10:37,569 - Knowledge - INFO - Found code_base: <app.utils.kg_build.knowledge.KnowledgeCodeBase object at 0x7f1be85a43d0>
2025-08-21 09:10:37,569 - Knowledge - INFO - persist ingested knowledge for /app/data/b2c/9453/b8355y4/meta-rdk-9453/conf/distro/include/rdk_security_flags.inc
2025-08-21 09:10:37,569 - Knowledge - INFO - Found code-base-name: https://github.com/kavia-common/meta-rdk-9453.git:kavia-master
2025-08-21 09:10:37,570 - Knowledge - INFO - Found code_base: <app.utils.kg_build.knowledge.KnowledgeCodeBase object at 0x7f1be85a43d0>
2025-08-21 09:10:37,570 - Knowledge - INFO - persist ingested knowledge for /app/data/b2c/9453/b8355y4/meta-rdk-9453/conf/distro/include/rdk-external-src.inc
2025-08-21 09:10:37,570 - Knowledge - INFO - Found code-base-name: https://github.com/kavia-common/meta-rdk-9453.git:kavia-master
2025-08-21 09:10:37,570 - Knowledge - INFO - Found code_base: <app.utils.kg_build.knowledge.KnowledgeCodeBase object at 0x7f1be85a43d0>
2025-08-21 09:10:37,571 - Knowledge - INFO - persist ingested knowledge for /app/data/b2c/9453/b8355y4/meta-rdk-9453/conf/distro/include/rdkvemu.inc
2025-08-21 09:10:37,571 - Knowledge - INFO - Found code-base-name: https://github.com/kavia-common/meta-rdk-9453.git:kavia-master
2025-08-21 09:10:37,571 - Knowledge - INFO - Found code_base: <app.utils.kg_build.knowledge.KnowledgeCodeBase object at 0x7f1be85a43d0>
2025-08-21 09:10:37,571 - Knowledge - INFO - persist ingested knowledge for /app/data/b2c/9453/b8355y4/meta-rdk-9453/conf/distro/include/rdk_backtrace_log.inc
2025-08-21 09:10:37,663 - Knowledge - INFO - process ingested knowledge for /app/data/b2c/9453/b8355y4/meta-rdk-9453/conf/distro/include/rdkb.inc
2025-08-21 09:10:37,669 - Knowledge - INFO - process ingested knowledge for /app/data/b2c/9453/b8355y4/meta-rdk-9453/conf/distro/include/rdkv.inc
2025-08-21 09:10:37,671 - Knowledge - INFO - process ingested knowledge for /app/data/b2c/9453/b8355y4/meta-rdk-9453/conf/distro/include/rdkb_backtrace_log.inc
2025-08-21 09:10:37,682 - Knowledge - INFO - process ingested knowledge for /app/data/b2c/9453/b8355y4/meta-rdk-9453/conf/distro/include/rdk_lto.inc
2025-08-21 09:10:37,690 - Knowledge - INFO - process ingested knowledge for /app/data/b2c/9453/b8355y4/meta-rdk-9453/conf/distro/include/setscene_enforce_ignore_tasks.inc
2025-08-21 09:10:37,793 - Knowledge - INFO - Found code-base-name: https://github.com/kavia-common/meta-rdk-9453.git:kavia-master
2025-08-21 09:10:37,793 - Knowledge - INFO - Found code_base: <app.utils.kg_build.knowledge.KnowledgeCodeBase object at 0x7f1be85a43d0>
2025-08-21 09:10:37,793 - Knowledge - INFO - persist ingested knowledge for /app/data/b2c/9453/b8355y4/meta-rdk-9453/conf/distro/include/libsoup3.inc
2025-08-21 09:10:37,794 - Knowledge - INFO - Found code-base-name: https://github.com/kavia-common/meta-rdk-9453.git:kavia-master
2025-08-21 09:10:37,794 - Knowledge - INFO - Found code_base: <app.utils.kg_build.knowledge.KnowledgeCodeBase object at 0x7f1be85a43d0>
2025-08-21 09:10:37,794 - Knowledge - INFO - persist ingested knowledge for /app/data/b2c/9453/b8355y4/meta-rdk-9453/conf/distro/include/rdkx.inc
2025-08-21 09:10:37,982 - Knowledge - INFO - adding /app/data/b2c/9453/b8355y4/meta-rdk-9453/recipes-test/leakcheck-msg/files/utility.c to ingest queue
2025-08-21 09:10:37,982 - Knowledge - INFO - Found code-base-name: https://github.com/kavia-common/meta-rdk-9453.git:kavia-master
2025-08-21 09:10:37,982 - Knowledge - INFO - Found code_base: <app.utils.kg_build.knowledge.KnowledgeCodeBase object at 0x7f1be85a43d0>
2025-08-21 09:10:37,982 - Knowledge - INFO - persist ingested knowledge for /app/data/b2c/9453/b8355y4/meta-rdk-9453/conf/distro/include/license_flags_whitelist.inc
2025-08-21 09:10:37,983 - Knowledge - INFO - adding /app/data/b2c/9453/b8355y4/meta-rdk-9453/conf/include/hashbase_whitelist.inc to ingest queue
2025-08-21 09:10:37,984 - Knowledge - INFO - adding /app/data/b2c/9453/b8355y4/meta-rdk-9453/recipes-test/hello/files/hello.c to ingest queue
2025-08-21 09:10:37,984 - Knowledge - INFO - adding /app/data/b2c/9453/b8355y4/meta-rdk-9453/recipes-test/leakcheck-msg/files/msgq_receive.c to ingest queue
2025-08-21 09:10:37,984 - Knowledge - INFO - adding /app/data/b2c/9453/b8355y4/meta-rdk-9453/conf/distro/include/libsoup2.inc to ingest queue
2025-08-21 09:10:37,985 - Knowledge - INFO - adding /app/data/b2c/9453/b8355y4/meta-rdk-9453/conf/distro/include/gstreamer-versions.inc to ingest queue
2025-08-21 09:10:37,985 - Knowledge - INFO - adding /app/data/b2c/9453/b8355y4/meta-rdk-9453/conf/distro/include/rdk-esdk-conf.inc to ingest queue
2025-08-21 09:10:37,986 - Knowledge - INFO - adding /app/data/b2c/9453/b8355y4/meta-rdk-9453/conf/distro/include/qt5-versions.inc to ingest queue
2025-08-21 09:10:37,986 - Knowledge - INFO - worker kw23 pull /app/data/b2c/9453/b8355y4/meta-rdk-9453/conf/distro/include/rdk-versions.inc from ingest queue
2025-08-21 09:10:37,986 - Knowledge - INFO - adding /app/data/b2c/9453/b8355y4/meta-rdk-9453/conf/include/basehash_ignore_vars.inc to ingest queue
2025-08-21 09:10:38,083 - Knowledge - INFO - process ingested knowledge for /app/data/b2c/9453/b8355y4/meta-rdk-9453/conf/distro/include/rdk-versions.inc
2025-08-21 09:10:38,390 - Knowledge - INFO - adding /app/data/b2c/9453/b8355y4/meta-rdk-9453/conf/distro/include/rdk_security_flags.inc to ingest queue
2025-08-21 09:10:38,487 - Knowledge - INFO - adding /app/data/b2c/9453/b8355y4/meta-rdk-9453/conf/distro/include/rdkvemu.inc to ingest queue
2025-08-21 09:10:38,488 - Knowledge - INFO - Found code-base-name: https://github.com/kavia-common/meta-rdk-9453.git:kavia-master
2025-08-21 09:10:38,488 - Knowledge - INFO - Found code_base: <app.utils.kg_build.knowledge.KnowledgeCodeBase object at 0x7f1be85a43d0>
2025-08-21 09:10:38,488 - Knowledge - INFO - persist ingested knowledge for /app/data/b2c/9453/b8355y4/meta-rdk-9453/conf/distro/include/rdkb.inc
2025-08-21 09:10:38,489 - Knowledge - INFO - Found code-base-name: https://github.com/kavia-common/meta-rdk-9453.git:kavia-master
2025-08-21 09:10:38,489 - Knowledge - INFO - Found code_base: <app.utils.kg_build.knowledge.KnowledgeCodeBase object at 0x7f1be85a43d0>
2025-08-21 09:10:38,489 - Knowledge - INFO - persist ingested knowledge for /app/data/b2c/9453/b8355y4/meta-rdk-9453/conf/distro/include/rdkv.inc
2025-08-21 09:10:38,489 - Knowledge - INFO - Found code-base-name: https://github.com/kavia-common/meta-rdk-9453.git:kavia-master
2025-08-21 09:10:38,490 - Knowledge - INFO - Found code_base: <app.utils.kg_build.knowledge.KnowledgeCodeBase object at 0x7f1be85a43d0>
2025-08-21 09:10:38,490 - Knowledge - INFO - persist ingested knowledge for /app/data/b2c/9453/b8355y4/meta-rdk-9453/conf/distro/include/rdkb_backtrace_log.inc
2025-08-21 09:10:38,490 - Knowledge - INFO - Found code-base-name: https://github.com/kavia-common/meta-rdk-9453.git:kavia-master
2025-08-21 09:10:38,490 - Knowledge - INFO - Found code_base: <app.utils.kg_build.knowledge.KnowledgeCodeBase object at 0x7f1be85a43d0>
2025-08-21 09:10:38,490 - Knowledge - INFO - persist ingested knowledge for /app/data/b2c/9453/b8355y4/meta-rdk-9453/conf/distro/include/rdk_lto.inc
2025-08-21 09:10:38,491 - Knowledge - INFO - Found code-base-name: https://github.com/kavia-common/meta-rdk-9453.git:kavia-master
2025-08-21 09:10:38,491 - Knowledge - INFO - Found code_base: <app.utils.kg_build.knowledge.KnowledgeCodeBase object at 0x7f1be85a43d0>
2025-08-21 09:10:38,491 - Knowledge - INFO - persist ingested knowledge for /app/data/b2c/9453/b8355y4/meta-rdk-9453/conf/distro/include/setscene_enforce_ignore_tasks.inc
2025-08-21 09:10:38,618 - Knowledge - INFO - adding /app/data/b2c/9453/b8355y4/meta-rdk-9453/conf/distro/include/rdk_backtrace_log.inc to ingest queue
2025-08-21 09:10:38,663 - Knowledge - INFO - adding /app/data/b2c/9453/b8355y4/meta-rdk-9453/conf/conf-notes.txt to ingest queue
2025-08-21 09:10:38,729 - Knowledge - INFO - adding /app/data/b2c/9453/b8355y4/meta-rdk-9453/conf/distro/include/rdkx.inc to ingest queue
2025-08-21 09:10:38,730 - Knowledge - INFO - worker kw17 pull /app/data/b2c/9453/b8355y4/meta-rdk-9453/conf/distro/include/setscene_enforce_whitelist.inc from ingest queue
2025-08-21 09:10:38,763 - Knowledge - INFO - worker kw7 pull /app/data/b2c/9453/b8355y4/meta-rdk-9453/conf/distro/include/license_flags_accepted.inc from ingest queue
2025-08-21 09:10:38,776 - Knowledge - INFO - worker kw9 pull /app/data/b2c/9453/b8355y4/meta-rdk-9453/recipes-containers/dobby/dobby.inc from ingest queue
2025-08-21 09:10:38,778 - Knowledge - INFO - worker kw11 pull /app/data/b2c/9453/b8355y4/meta-rdk-9453/recipes-core/images/sdk-common.inc from ingest queue
2025-08-21 09:10:38,779 - Knowledge - INFO - worker kw4 pull /app/data/b2c/9453/b8355y4/meta-rdk-9453/recipes-core/images/rdk-esdk-override.inc from ingest queue
2025-08-21 09:10:38,784 - Knowledge - INFO - Found code-base-name: https://github.com/kavia-common/meta-rdk-9453.git:kavia-master
2025-08-21 09:10:38,784 - Knowledge - INFO - Found code_base: <app.utils.kg_build.knowledge.KnowledgeCodeBase object at 0x7f1be85a43d0>
2025-08-21 09:10:38,784 - Knowledge - INFO - persist ingested knowledge for /app/data/b2c/9453/b8355y4/meta-rdk-9453/conf/distro/include/rdk-versions.inc
2025-08-21 09:10:38,873 - Knowledge - INFO - process ingested knowledge for /app/data/b2c/9453/b8355y4/meta-rdk-9453/recipes-containers/dobby/dobby.inc
2025-08-21 09:10:38,877 - Knowledge - INFO - process ingested knowledge for /app/data/b2c/9453/b8355y4/meta-rdk-9453/conf/distro/include/license_flags_accepted.inc
2025-08-21 09:10:38,884 - Knowledge - INFO - process ingested knowledge for /app/data/b2c/9453/b8355y4/meta-rdk-9453/recipes-core/images/rdk-esdk-override.inc
2025-08-21 09:10:38,887 - Knowledge - INFO - process ingested knowledge for /app/data/b2c/9453/b8355y4/meta-rdk-9453/recipes-core/images/sdk-common.inc
2025-08-21 09:10:38,895 - Knowledge - INFO - process ingested knowledge for /app/data/b2c/9453/b8355y4/meta-rdk-9453/conf/distro/include/setscene_enforce_whitelist.inc
2025-08-21 09:10:38,905 - Knowledge - INFO - worker kw13 pull /app/data/b2c/9453/b8355y4/meta-rdk-9453/recipes-core/images/rdk-generic-media-common.inc from ingest queue
2025-08-21 09:10:38,998 - Knowledge - INFO - process ingested knowledge for /app/data/b2c/9453/b8355y4/meta-rdk-9453/recipes-core/images/rdk-generic-media-common.inc
2025-08-21 09:10:39,125 - Knowledge - INFO - worker kw15 pull /app/data/b2c/9453/b8355y4/meta-rdk-9453/recipes-common/sys_mon_tools/sys_mon_tools.inc from ingest queue
2025-08-21 09:10:39,266 - Knowledge - INFO - process ingested knowledge for /app/data/b2c/9453/b8355y4/meta-rdk-9453/recipes-common/sys_mon_tools/sys_mon_tools.inc
2025-08-21 09:10:39,373 - Knowledge - INFO - worker kw18 pull /app/data/b2c/9453/b8355y4/meta-rdk-9453/recipes-common/gtest-apps/gtest-apps/gtest_apps_download.sh from ingest queue
2025-08-21 09:10:39,374 - Knowledge - INFO - adding /app/data/b2c/9453/b8355y4/meta-rdk-9453/conf/distro/include/libsoup3.inc to ingest queue
2025-08-21 09:10:39,379 - Knowledge - INFO - worker kw5 pull /app/data/b2c/9453/b8355y4/meta-rdk-9453/recipes-common/safec-common-wrapper/files/safec_lib.h from ingest queue
2025-08-21 09:10:39,380 - Knowledge - INFO - worker kw8 pull /app/data/b2c/9453/b8355y4/meta-rdk-9453/recipes-common/debug-tools/files/debug-tools_download.sh from ingest queue
2025-08-21 09:10:39,380 - Knowledge - INFO - worker kw10 pull /app/data/b2c/9453/b8355y4/meta-rdk-9453/recipes-extended/webkitbrowser-plugin/include/webkitbrowser_memorylimits.fhd.inc from ingest queue
2025-08-21 09:10:39,382 - Knowledge - INFO - adding /app/data/b2c/9453/b8355y4/meta-rdk-9453/conf/distro/include/rdk_multilib.inc to ingest queue
2025-08-21 09:10:39,382 - Knowledge - INFO - Found code-base-name: https://github.com/kavia-common/meta-rdk-9453.git:kavia-master
2025-08-21 09:10:39,382 - Knowledge - INFO - Found code_base: <app.utils.kg_build.knowledge.KnowledgeCodeBase object at 0x7f1be85a43d0>
2025-08-21 09:10:39,382 - Knowledge - INFO - persist ingested knowledge for /app/data/b2c/9453/b8355y4/meta-rdk-9453/recipes-containers/dobby/dobby.inc
2025-08-21 09:10:39,383 - Knowledge - INFO - Found code-base-name: https://github.com/kavia-common/meta-rdk-9453.git:kavia-master
2025-08-21 09:10:39,383 - Knowledge - INFO - Found code_base: <app.utils.kg_build.knowledge.KnowledgeCodeBase object at 0x7f1be85a43d0>
2025-08-21 09:10:39,383 - Knowledge - INFO - persist ingested knowledge for /app/data/b2c/9453/b8355y4/meta-rdk-9453/conf/distro/include/license_flags_accepted.inc
2025-08-21 09:10:39,386 - Knowledge - INFO - Found code-base-name: https://github.com/kavia-common/meta-rdk-9453.git:kavia-master
2025-08-21 09:10:39,386 - Knowledge - INFO - Found code_base: <app.utils.kg_build.knowledge.KnowledgeCodeBase object at 0x7f1be85a43d0>
2025-08-21 09:10:39,386 - Knowledge - INFO - persist ingested knowledge for /app/data/b2c/9453/b8355y4/meta-rdk-9453/recipes-core/images/rdk-esdk-override.inc
2025-08-21 09:10:39,387 - Knowledge - INFO - Found code-base-name: https://github.com/kavia-common/meta-rdk-9453.git:kavia-master
2025-08-21 09:10:39,387 - Knowledge - INFO - Found code_base: <app.utils.kg_build.knowledge.KnowledgeCodeBase object at 0x7f1be85a43d0>
2025-08-21 09:10:39,387 - Knowledge - INFO - persist ingested knowledge for /app/data/b2c/9453/b8355y4/meta-rdk-9453/recipes-core/images/sdk-common.inc
2025-08-21 09:10:39,388 - Knowledge - INFO - Found code-base-name: https://github.com/kavia-common/meta-rdk-9453.git:kavia-master
2025-08-21 09:10:39,388 - Knowledge - INFO - Found code_base: <app.utils.kg_build.knowledge.KnowledgeCodeBase object at 0x7f1be85a43d0>
2025-08-21 09:10:39,388 - Knowledge - INFO - persist ingested knowledge for /app/data/b2c/9453/b8355y4/meta-rdk-9453/conf/distro/include/setscene_enforce_whitelist.inc
2025-08-21 09:10:39,388 - Knowledge - INFO - Found code-base-name: https://github.com/kavia-common/meta-rdk-9453.git:kavia-master
2025-08-21 09:10:39,389 - Knowledge - INFO - Found code_base: <app.utils.kg_build.knowledge.KnowledgeCodeBase object at 0x7f1be85a43d0>
2025-08-21 09:10:39,389 - Knowledge - INFO - persist ingested knowledge for /app/data/b2c/9453/b8355y4/meta-rdk-9453/conf/distro/include/rdkc.inc
2025-08-21 09:10:39,389 - Knowledge - INFO - adding /app/data/b2c/9453/b8355y4/meta-rdk-9453/conf/distro/include/rdk-external-src.inc to ingest queue
2025-08-21 09:10:39,389 - Knowledge - INFO - Found code-base-name: https://github.com/kavia-common/meta-rdk-9453.git:kavia-master
2025-08-21 09:10:39,389 - Knowledge - INFO - Found code_base: <app.utils.kg_build.knowledge.KnowledgeCodeBase object at 0x7f1be85a43d0>
2025-08-21 09:10:39,390 - Knowledge - INFO - persist ingested knowledge for /app/data/b2c/9453/b8355y4/meta-rdk-9453/recipes-core/images/rdk-generic-media-common.inc
2025-08-21 09:10:39,390 - Knowledge - INFO - adding /app/data/b2c/9453/b8355y4/meta-rdk-9453/conf/distro/include/rdkb.inc to ingest queue
2025-08-21 09:10:39,391 - Knowledge - INFO - worker kw16 pull /app/data/b2c/9453/b8355y4/meta-rdk-9453/recipes-extended/webkitbrowser-plugin/include/webkitbrowser_properties.inc from ingest queue
2025-08-21 09:10:39,397 - Knowledge - INFO - Found code-base-name: https://github.com/kavia-common/meta-rdk-9453.git:kavia-master
2025-08-21 09:10:39,398 - Knowledge - INFO - Found code_base: <app.utils.kg_build.knowledge.KnowledgeCodeBase object at 0x7f1be85a43d0>
2025-08-21 09:10:39,398 - Knowledge - INFO - persist ingested knowledge for /app/data/b2c/9453/b8355y4/meta-rdk-9453/recipes-common/sys_mon_tools/sys_mon_tools.inc
2025-08-21 09:10:39,566 - Knowledge - INFO - process ingested knowledge for /app/data/b2c/9453/b8355y4/meta-rdk-9453/recipes-common/debug-tools/files/debug-tools_download.sh
2025-08-21 09:10:39,568 - Knowledge - INFO - process ingested knowledge for /app/data/b2c/9453/b8355y4/meta-rdk-9453/recipes-common/gtest-apps/gtest-apps/gtest_apps_download.sh
2025-08-21 09:10:39,569 - Knowledge - INFO - process ingested knowledge for /app/data/b2c/9453/b8355y4/meta-rdk-9453/recipes-extended/webkitbrowser-plugin/include/webkitbrowser_properties.inc
2025-08-21 09:10:39,572 - Knowledge - INFO - process ingested knowledge for /app/data/b2c/9453/b8355y4/meta-rdk-9453/recipes-extended/webkitbrowser-plugin/include/webkitbrowser_memorylimits.fhd.inc
2025-08-21 09:10:39,596 - Knowledge - INFO - process ingested knowledge for /app/data/b2c/9453/b8355y4/meta-rdk-9453/recipes-common/safec-common-wrapper/files/safec_lib.h
2025-08-21 09:10:39,598 - Knowledge - INFO - worker kw6 pull /app/data/b2c/9453/b8355y4/meta-rdk-9453/recipes-extended/webkitbrowser-plugin/include/webkitbrowser_memorylimits.2gb.inc from ingest queue
2025-08-21 09:10:39,599 - Knowledge - INFO - adding /app/data/b2c/9453/b8355y4/meta-rdk-9453/conf/distro/include/setscene_enforce_ignore_tasks.inc to ingest queue
2025-08-21 09:10:39,601 - Knowledge - INFO - worker kw1 pull /app/data/b2c/9453/b8355y4/meta-rdk-9453/recipes-extended/webkitbrowser-plugin/include/webkitbrowser_memorylimits.uhd.inc from ingest queue
2025-08-21 09:10:39,706 - Knowledge - INFO - process ingested knowledge for /app/data/b2c/9453/b8355y4/meta-rdk-9453/recipes-extended/webkitbrowser-plugin/include/webkitbrowser_memorylimits.2gb.inc
2025-08-21 09:10:39,767 - Knowledge - INFO - process ingested knowledge for /app/data/b2c/9453/b8355y4/meta-rdk-9453/recipes-extended/webkitbrowser-plugin/include/webkitbrowser_memorylimits.uhd.inc
2025-08-21 09:10:39,808 - Knowledge - INFO - worker kw3 pull /app/data/b2c/9453/b8355y4/meta-rdk-9453/recipes-extended/webkitbrowser-plugin/include/webkitbrowser_memorylimits.default.inc from ingest queue
2025-08-21 09:10:39,809 - Knowledge - INFO - worker kw14 pull /app/data/b2c/9453/b8355y4/meta-rdk-9453/recipes-extended/webkitbrowser-plugin/files/clearWebkitBrowserCache.sh from ingest queue
2025-08-21 09:10:39,899 - Knowledge - INFO - process ingested knowledge for /app/data/b2c/9453/b8355y4/meta-rdk-9453/recipes-extended/webkitbrowser-plugin/files/clearWebkitBrowserCache.sh
2025-08-21 09:10:39,901 - Knowledge - INFO - process ingested knowledge for /app/data/b2c/9453/b8355y4/meta-rdk-9453/recipes-extended/webkitbrowser-plugin/include/webkitbrowser_memorylimits.default.inc
2025-08-21 09:10:40,396 - Knowledge - INFO - adding /app/data/b2c/9453/b8355y4/meta-rdk-9453/conf/distro/include/rdkv.inc to ingest queue
2025-08-21 09:10:40,396 - Knowledge - INFO - worker kw24 pull /app/data/b2c/9453/b8355y4/meta-rdk-9453/rename_srcrev.sh from ingest queue
2025-08-21 09:10:40,571 - Knowledge - INFO - process ingested knowledge for /app/data/b2c/9453/b8355y4/meta-rdk-9453/rename_srcrev.sh
2025-08-21 09:10:40,599 - Knowledge - INFO - Found code-base-name: https://github.com/kavia-common/meta-rdk-9453.git:kavia-master
2025-08-21 09:10:40,600 - Knowledge - INFO - Found code_base: <app.utils.kg_build.knowledge.KnowledgeCodeBase object at 0x7f1be85a43d0>
2025-08-21 09:10:40,600 - Knowledge - INFO - persist ingested knowledge for /app/data/b2c/9453/b8355y4/meta-rdk-9453/recipes-common/debug-tools/files/debug-tools_download.sh
2025-08-21 09:10:40,600 - Knowledge - INFO - Found code-base-name: https://github.com/kavia-common/meta-rdk-9453.git:kavia-master
2025-08-21 09:10:40,601 - Knowledge - INFO - Found code_base: <app.utils.kg_build.knowledge.KnowledgeCodeBase object at 0x7f1be85a43d0>
2025-08-21 09:10:40,601 - Knowledge - INFO - persist ingested knowledge for /app/data/b2c/9453/b8355y4/meta-rdk-9453/recipes-common/gtest-apps/gtest-apps/gtest_apps_download.sh
2025-08-21 09:10:40,601 - Knowledge - INFO - Found code-base-name: https://github.com/kavia-common/meta-rdk-9453.git:kavia-master
2025-08-21 09:10:40,601 - Knowledge - INFO - Found code_base: <app.utils.kg_build.knowledge.KnowledgeCodeBase object at 0x7f1be85a43d0>
2025-08-21 09:10:40,601 - Knowledge - INFO - persist ingested knowledge for /app/data/b2c/9453/b8355y4/meta-rdk-9453/recipes-extended/webkitbrowser-plugin/include/webkitbrowser_memorylimits.fhd.inc
2025-08-21 09:10:40,776 - Knowledge - INFO - worker kw19 pull /app/data/b2c/9453/b8355y4/meta-rdk-9453/recipes-support/network-zero-conf/files/board_access.sh from ingest queue
2025-08-21 09:10:40,776 - Knowledge - INFO - worker kw2 pull /app/data/b2c/9453/b8355y4/meta-rdk-9453/recipes-support/network-zero-conf/files/default-time-setter.sh from ingest queue
2025-08-21 09:10:40,777 - Knowledge - INFO - Found code-base-name: https://github.com/kavia-common/meta-rdk-9453.git:kavia-master
2025-08-21 09:10:40,778 - Knowledge - INFO - Found code_base: <app.utils.kg_build.knowledge.KnowledgeCodeBase object at 0x7f1be85a43d0>
2025-08-21 09:10:40,778 - Knowledge - INFO - persist ingested knowledge for /app/data/b2c/9453/b8355y4/meta-rdk-9453/recipes-common/safec-common-wrapper/files/safec_lib.h
2025-08-21 09:10:40,778 - Knowledge - INFO - adding /app/data/b2c/9453/b8355y4/meta-rdk-9453/recipes-common/sys_mon_tools/sys_mon_tools.inc to ingest queue
2025-08-21 09:10:40,780 - Knowledge - INFO - Found code-base-name: https://github.com/kavia-common/meta-rdk-9453.git:kavia-master
2025-08-21 09:10:40,780 - Knowledge - INFO - Found code_base: <app.utils.kg_build.knowledge.KnowledgeCodeBase object at 0x7f1be85a43d0>
2025-08-21 09:10:40,780 - Knowledge - INFO - persist ingested knowledge for /app/data/b2c/9453/b8355y4/meta-rdk-9453/recipes-extended/webkitbrowser-plugin/include/webkitbrowser_memorylimits.2gb.inc
2025-08-21 09:10:40,876 - Knowledge - INFO - process ingested knowledge for /app/data/b2c/9453/b8355y4/meta-rdk-9453/recipes-support/network-zero-conf/files/board_access.sh
2025-08-21 09:10:40,877 - Knowledge - INFO - process ingested knowledge for /app/data/b2c/9453/b8355y4/meta-rdk-9453/recipes-support/network-zero-conf/files/default-time-setter.sh
2025-08-21 09:10:41,075 - Knowledge - INFO - adding /app/data/b2c/9453/b8355y4/meta-rdk-9453/conf/distro/include/rdk-versions.inc to ingest queue
2025-08-21 09:10:41,076 - Knowledge - INFO - Found code-base-name: https://github.com/kavia-common/meta-rdk-9453.git:kavia-master
2025-08-21 09:10:41,076 - Knowledge - INFO - Found code_base: <app.utils.kg_build.knowledge.KnowledgeCodeBase object at 0x7f1be85a43d0>
2025-08-21 09:10:41,076 - Knowledge - INFO - persist ingested knowledge for /app/data/b2c/9453/b8355y4/meta-rdk-9453/recipes-extended/webkitbrowser-plugin/files/clearWebkitBrowserCache.sh
2025-08-21 09:10:41,076 - Knowledge - INFO - Found code-base-name: https://github.com/kavia-common/meta-rdk-9453.git:kavia-master
2025-08-21 09:10:41,076 - Knowledge - INFO - Found code_base: <app.utils.kg_build.knowledge.KnowledgeCodeBase object at 0x7f1be85a43d0>
2025-08-21 09:10:41,076 - Knowledge - INFO - persist ingested knowledge for /app/data/b2c/9453/b8355y4/meta-rdk-9453/recipes-extended/webkitbrowser-plugin/include/webkitbrowser_memorylimits.default.inc
2025-08-21 09:10:41,076 - Knowledge - INFO - adding /app/data/b2c/9453/b8355y4/meta-rdk-9453/recipes-core/images/rdk-esdk-override.inc to ingest queue
2025-08-21 09:10:41,077 - Knowledge - INFO - adding /app/data/b2c/9453/b8355y4/meta-rdk-9453/recipes-core/images/sdk-common.inc to ingest queue
2025-08-21 09:10:41,077 - Knowledge - INFO - adding /app/data/b2c/9453/b8355y4/meta-rdk-9453/conf/distro/include/rdkc.inc to ingest queue
2025-08-21 09:10:41,077 - Knowledge - INFO - worker kw25 pull /app/data/b2c/9453/b8355y4/meta-rdk-9453/recipes-benchmark/stress-ng/files/rdk_oss_uploadSTBLogs.sh from ingest queue
2025-08-21 09:10:41,079 - Knowledge - INFO - adding /app/data/b2c/9453/b8355y4/meta-rdk-9453/recipes-core/images/rdk-generic-media-common.inc to ingest queue
2025-08-21 09:10:41,168 - Knowledge - INFO - process ingested knowledge for /app/data/b2c/9453/b8355y4/meta-rdk-9453/recipes-benchmark/stress-ng/files/rdk_oss_uploadSTBLogs.sh
2025-08-21 09:10:41,303 - Knowledge - INFO - Found code-base-name: https://github.com/kavia-common/meta-rdk-9453.git:kavia-master
2025-08-21 09:10:41,303 - Knowledge - INFO - Found code_base: <app.utils.kg_build.knowledge.KnowledgeCodeBase object at 0x7f1be85a43d0>
2025-08-21 09:10:41,303 - Knowledge - INFO - persist ingested knowledge for /app/data/b2c/9453/b8355y4/meta-rdk-9453/recipes-extended/webkitbrowser-plugin/include/webkitbrowser_properties.inc
2025-08-21 09:10:41,304 - Knowledge - INFO - adding /app/data/b2c/9453/b8355y4/meta-rdk-9453/recipes-extended/webkitbrowser-plugin/include/webkitbrowser_memorylimits.fhd.inc to ingest queue
2025-08-21 09:10:41,304 - Knowledge - INFO - worker kw10 pull /app/data/b2c/9453/b8355y4/meta-rdk-9453/recipes-benchmark/stress-ng/files/openssl-ptest-perf_stats.sh from ingest queue
2025-08-21 09:10:41,468 - Knowledge - INFO - process ingested knowledge for /app/data/b2c/9453/b8355y4/meta-rdk-9453/recipes-benchmark/stress-ng/files/openssl-ptest-perf_stats.sh
2025-08-21 09:10:41,500 - Knowledge - INFO - worker kw15 pull /app/data/b2c/9453/b8355y4/meta-rdk-9453/recipes-benchmark/stress-ng/files/capture-proc-metrics.sh from ingest queue
2025-08-21 09:10:41,591 - Knowledge - INFO - process ingested knowledge for /app/data/b2c/9453/b8355y4/meta-rdk-9453/recipes-benchmark/stress-ng/files/capture-proc-metrics.sh
2025-08-21 09:10:41,694 - Knowledge - INFO - Found code-base-name: https://github.com/kavia-common/meta-rdk-9453.git:kavia-master
2025-08-21 09:10:41,694 - Knowledge - INFO - Found code_base: <app.utils.kg_build.knowledge.KnowledgeCodeBase object at 0x7f1be85a43d0>
2025-08-21 09:10:41,694 - Knowledge - INFO - persist ingested knowledge for /app/data/b2c/9453/b8355y4/meta-rdk-9453/recipes-support/network-zero-conf/files/board_access.sh
2025-08-21 09:10:41,694 - Knowledge - INFO - Found code-base-name: https://github.com/kavia-common/meta-rdk-9453.git:kavia-master
2025-08-21 09:10:41,694 - Knowledge - INFO - Found code_base: <app.utils.kg_build.knowledge.KnowledgeCodeBase object at 0x7f1be85a43d0>
2025-08-21 09:10:41,694 - Knowledge - INFO - persist ingested knowledge for /app/data/b2c/9453/b8355y4/meta-rdk-9453/recipes-support/network-zero-conf/files/default-time-setter.sh
2025-08-21 09:10:41,695 - Knowledge - INFO - adding /app/data/b2c/9453/b8355y4/meta-rdk-9453/recipes-containers/dobby/dobby.inc to ingest queue
2025-08-21 09:10:41,895 - Knowledge - INFO - adding /app/data/b2c/9453/b8355y4/meta-rdk-9453/recipes-extended/webkitbrowser-plugin/files/clearWebkitBrowserCache.sh to ingest queue
2025-08-21 09:10:41,896 - Knowledge - INFO - worker kw23 pull /app/data/b2c/9453/b8355y4/meta-rdk-9453/recipes-benchmark/stress-ng/files/openssl-ptest-stress.sh from ingest queue
2025-08-21 09:10:41,896 - Knowledge - INFO - worker kw4 pull /app/data/b2c/9453/b8355y4/meta-rdk-9453/recipes-benchmark/stress-ng/files/stress-ng-tests.sh from ingest queue
2025-08-21 09:10:41,899 - Knowledge - INFO - worker kw11 pull /app/data/b2c/9453/b8355y4/meta-rdk-9453/CONTRIBUTING.md from ingest queue
2025-08-21 09:10:41,966 - Knowledge - INFO - Found code-base-name: https://github.com/kavia-common/meta-rdk-9453.git:kavia-master
2025-08-21 09:10:41,966 - Knowledge - INFO - Found code_base: <app.utils.kg_build.knowledge.KnowledgeCodeBase object at 0x7f1be85a43d0>
2025-08-21 09:10:41,967 - Knowledge - INFO - persist ingested knowledge for /app/data/b2c/9453/b8355y4/meta-rdk-9453/rename_srcrev.sh
2025-08-21 09:10:41,967 - Knowledge - INFO - adding /app/data/b2c/9453/b8355y4/meta-rdk-9453/conf/distro/include/rdk_lto.inc to ingest queue
2025-08-21 09:10:41,967 - Knowledge - INFO - worker kw13 pull /app/data/b2c/9453/b8355y4/meta-rdk-9453/recipes-test/hello/files/run-hello-app.sh from ingest queue
2025-08-21 09:10:41,968 - Knowledge - INFO - Thread kw13 - File run-hello-app.sh - Remaining files in queue: 30
2025-08-21 09:10:41,968 - Knowledge - INFO - start ingest for /app/data/b2c/9453/b8355y4/meta-rdk-9453/recipes-test/hello/files/run-hello-app.sh
2025-08-21 09:10:41,975 - Knowledge - INFO - worker kw22 pull /app/data/b2c/9453/b8355y4/meta-rdk-9453/recipes-test/leakcheck-msg/files/utility.c from ingest queue
2025-08-21 09:10:41,975 - Knowledge - INFO - Thread kw22 - File utility.c - Remaining files in queue: 29
2025-08-21 09:10:41,976 - Knowledge - INFO - start ingest for /app/data/b2c/9453/b8355y4/meta-rdk-9453/recipes-test/leakcheck-msg/files/utility.c
2025-08-21 09:10:41,976 - Knowledge - INFO - adding /app/data/b2c/9453/b8355y4/meta-rdk-9453/recipes-common/debug-tools/files/debug-tools_download.sh to ingest queue
2025-08-21 09:10:41,976 - Knowledge - INFO - worker kw8 pull /app/data/b2c/9453/b8355y4/meta-rdk-9453/conf/include/hashbase_whitelist.inc from ingest queue
2025-08-21 09:10:41,976 - Knowledge - INFO - Thread kw8 - File hashbase_whitelist.inc - Remaining files in queue: 29
2025-08-21 09:10:41,977 - Knowledge - INFO - start ingest for /app/data/b2c/9453/b8355y4/meta-rdk-9453/conf/include/hashbase_whitelist.inc
2025-08-21 09:10:41,977 - Knowledge - INFO - Found code-base-name: https://github.com/kavia-common/meta-rdk-9453.git:kavia-master
2025-08-21 09:10:41,977 - Knowledge - INFO - Found code_base: <app.utils.kg_build.knowledge.KnowledgeCodeBase object at 0x7f1be85a43d0>
2025-08-21 09:10:41,977 - Knowledge - INFO - persist ingested knowledge for /app/data/b2c/9453/b8355y4/meta-rdk-9453/recipes-extended/webkitbrowser-plugin/include/webkitbrowser_memorylimits.uhd.inc
2025-08-21 09:10:41,980 - Knowledge - INFO - Fast-track processing for simple file: /app/data/b2c/9453/b8355y4/meta-rdk-9453/conf/include/hashbase_whitelist.inc
2025-08-21 09:10:41,980 - Knowledge - INFO - done fast ingest for /app/data/b2c/9453/b8355y4/meta-rdk-9453/conf/include/hashbase_whitelist.inc
2025-08-21 09:10:41,980 - Knowledge - INFO - process ingested knowledge for /app/data/b2c/9453/b8355y4/meta-rdk-9453/conf/include/hashbase_whitelist.inc
2025-08-21 09:10:42,174 - Knowledge - INFO - process ingested knowledge for /app/data/b2c/9453/b8355y4/meta-rdk-9453/recipes-benchmark/stress-ng/files/openssl-ptest-stress.sh
2025-08-21 09:10:42,184 - Knowledge - INFO - process ingested knowledge for /app/data/b2c/9453/b8355y4/meta-rdk-9453/CONTRIBUTING.md
2025-08-21 09:10:42,270 - Knowledge - INFO - process ingested knowledge for /app/data/b2c/9453/b8355y4/meta-rdk-9453/recipes-benchmark/stress-ng/files/stress-ng-tests.sh
2025-08-21 09:10:42,369 - Knowledge - INFO - adding /app/data/b2c/9453/b8355y4/meta-rdk-9453/recipes-common/safec-common-wrapper/files/safec_lib.h to ingest queue
2025-08-21 09:10:42,370 - Knowledge - INFO - worker kw5 pull /app/data/b2c/9453/b8355y4/meta-rdk-9453/recipes-test/hello/files/hello.c from ingest queue
2025-08-21 09:10:42,370 - Knowledge - INFO - Thread kw5 - File hello.c - Remaining files in queue: 29
2025-08-21 09:10:42,370 - Knowledge - INFO - start ingest for /app/data/b2c/9453/b8355y4/meta-rdk-9453/recipes-test/hello/files/hello.c
2025-08-21 09:10:42,370 - Knowledge - INFO - adding /app/data/b2c/9453/b8355y4/meta-rdk-9453/recipes-extended/webkitbrowser-plugin/include/webkitbrowser_memorylimits.2gb.inc to ingest queue
2025-08-21 09:10:42,463 - Knowledge - INFO - Fast-track processing for simple file: /app/data/b2c/9453/b8355y4/meta-rdk-9453/recipes-test/hello/files/hello.c
2025-08-21 09:10:42,463 - Knowledge - INFO - done fast ingest for /app/data/b2c/9453/b8355y4/meta-rdk-9453/recipes-test/hello/files/hello.c
2025-08-21 09:10:42,488 - Knowledge - INFO - process ingested knowledge for /app/data/b2c/9453/b8355y4/meta-rdk-9453/recipes-test/hello/files/hello.c
2025-08-21 09:10:42,586 - Knowledge - INFO - worker kw9 pull /app/data/b2c/9453/b8355y4/meta-rdk-9453/recipes-test/leakcheck-msg/files/msgq_receive.c from ingest queue
2025-08-21 09:10:42,586 - Knowledge - INFO - Thread kw9 - File msgq_receive.c - Remaining files in queue: 29
2025-08-21 09:10:42,586 - Knowledge - INFO - start ingest for /app/data/b2c/9453/b8355y4/meta-rdk-9453/recipes-test/leakcheck-msg/files/msgq_receive.c
2025-08-21 09:10:42,587 - Knowledge - INFO - worker kw14 pull /app/data/b2c/9453/b8355y4/meta-rdk-9453/conf/distro/include/libsoup2.inc from ingest queue
2025-08-21 09:10:42,587 - Knowledge - INFO - Thread kw14 - File libsoup2.inc - Remaining files in queue: 28
2025-08-21 09:10:42,587 - Knowledge - INFO - start ingest for /app/data/b2c/9453/b8355y4/meta-rdk-9453/conf/distro/include/libsoup2.inc
2025-08-21 09:10:42,587 - Knowledge - INFO - adding /app/data/b2c/9453/b8355y4/meta-rdk-9453/conf/distro/include/setscene_enforce_whitelist.inc to ingest queue
2025-08-21 09:10:42,588 - Knowledge - INFO - adding /app/data/b2c/9453/b8355y4/meta-rdk-9453/conf/distro/include/rdkb_backtrace_log.inc to ingest queue
2025-08-21 09:10:42,881 - Knowledge - INFO - worker kw12 pull /app/data/b2c/9453/b8355y4/meta-rdk-9453/conf/distro/include/gstreamer-versions.inc from ingest queue
2025-08-21 09:10:42,882 - Knowledge - INFO - Thread kw12 - File gstreamer-versions.inc - Remaining files in queue: 29
2025-08-21 09:10:42,882 - Knowledge - INFO - start ingest for /app/data/b2c/9453/b8355y4/meta-rdk-9453/conf/distro/include/gstreamer-versions.inc
2025-08-21 09:10:42,882 - Knowledge - INFO - Found code-base-name: https://github.com/kavia-common/meta-rdk-9453.git:kavia-master
2025-08-21 09:10:42,882 - Knowledge - INFO - Found code_base: <app.utils.kg_build.knowledge.KnowledgeCodeBase object at 0x7f1be85a43d0>
2025-08-21 09:10:42,882 - Knowledge - INFO - persist ingested knowledge for /app/data/b2c/9453/b8355y4/meta-rdk-9453/recipes-benchmark/stress-ng/files/rdk_oss_uploadSTBLogs.sh
2025-08-21 09:10:43,168 - Knowledge - INFO - adding /app/data/b2c/9453/b8355y4/meta-rdk-9453/recipes-common/gtest-apps/gtest-apps/gtest_apps_download.sh to ingest queue
2025-08-21 09:10:43,171 - Knowledge - INFO - adding /app/data/b2c/9453/b8355y4/meta-rdk-9453/conf/distro/include/license_flags_whitelist.inc to ingest queue
2025-08-21 09:10:43,172 - Knowledge - INFO - Found code-base-name: https://github.com/kavia-common/meta-rdk-9453.git:kavia-master
2025-08-21 09:10:43,172 - Knowledge - INFO - Found code_base: <app.utils.kg_build.knowledge.KnowledgeCodeBase object at 0x7f1be85a43d0>
2025-08-21 09:10:43,172 - Knowledge - INFO - persist ingested knowledge for /app/data/b2c/9453/b8355y4/meta-rdk-9453/conf/include/hashbase_whitelist.inc
2025-08-21 09:10:43,173 - Knowledge - INFO - Found code-base-name: https://github.com/kavia-common/meta-rdk-9453.git:kavia-master
2025-08-21 09:10:43,173 - Knowledge - INFO - Found code_base: <app.utils.kg_build.knowledge.KnowledgeCodeBase object at 0x7f1be85a43d0>
2025-08-21 09:10:43,173 - Knowledge - INFO - persist ingested knowledge for /app/data/b2c/9453/b8355y4/meta-rdk-9453/recipes-benchmark/stress-ng/files/openssl-ptest-stress.sh
2025-08-21 09:10:43,173 - Knowledge - INFO - Found code-base-name: https://github.com/kavia-common/meta-rdk-9453.git:kavia-master
2025-08-21 09:10:43,174 - Knowledge - INFO - Found code_base: <app.utils.kg_build.knowledge.KnowledgeCodeBase object at 0x7f1be85a43d0>
2025-08-21 09:10:43,174 - Knowledge - INFO - persist ingested knowledge for /app/data/b2c/9453/b8355y4/meta-rdk-9453/CONTRIBUTING.md
2025-08-21 09:10:43,174 - Knowledge - INFO - Found code-base-name: https://github.com/kavia-common/meta-rdk-9453.git:kavia-master
2025-08-21 09:10:43,174 - Knowledge - INFO - Found code_base: <app.utils.kg_build.knowledge.KnowledgeCodeBase object at 0x7f1be85a43d0>
2025-08-21 09:10:43,175 - Knowledge - INFO - persist ingested knowledge for /app/data/b2c/9453/b8355y4/meta-rdk-9453/recipes-benchmark/stress-ng/files/stress-ng-tests.sh
2025-08-21 09:10:43,175 - Knowledge - INFO - adding /app/data/b2c/9453/b8355y4/meta-rdk-9453/recipes-extended/webkitbrowser-plugin/include/webkitbrowser_memorylimits.uhd.inc to ingest queue
2025-08-21 09:10:43,177 - Knowledge - INFO - Found code-base-name: https://github.com/kavia-common/meta-rdk-9453.git:kavia-master
2025-08-21 09:10:43,177 - Knowledge - INFO - Found code_base: <app.utils.kg_build.knowledge.KnowledgeCodeBase object at 0x7f1be85a43d0>
2025-08-21 09:10:43,177 - Knowledge - INFO - persist ingested knowledge for /app/data/b2c/9453/b8355y4/meta-rdk-9453/recipes-benchmark/stress-ng/files/capture-proc-metrics.sh
2025-08-21 09:10:43,981 - Knowledge - INFO - worker kw6 pull /app/data/b2c/9453/b8355y4/meta-rdk-9453/conf/distro/include/rdk-esdk-conf.inc from ingest queue
2025-08-21 09:10:43,981 - Knowledge - INFO - Thread kw6 - File rdk-esdk-conf.inc - Remaining files in queue: 31
2025-08-21 09:10:43,981 - Knowledge - INFO - start ingest for /app/data/b2c/9453/b8355y4/meta-rdk-9453/conf/distro/include/rdk-esdk-conf.inc
2025-08-21 09:10:43,981 - Knowledge - INFO - adding /app/data/b2c/9453/b8355y4/meta-rdk-9453/conf/distro/include/license_flags_accepted.inc to ingest queue
2025-08-21 09:10:43,982 - Knowledge - INFO - Found code-base-name: https://github.com/kavia-common/meta-rdk-9453.git:kavia-master
2025-08-21 09:10:43,982 - Knowledge - INFO - Found code_base: <app.utils.kg_build.knowledge.KnowledgeCodeBase object at 0x7f1be85a43d0>
2025-08-21 09:10:43,982 - Knowledge - INFO - persist ingested knowledge for /app/data/b2c/9453/b8355y4/meta-rdk-9453/recipes-test/hello/files/hello.c
2025-08-21 09:10:44,064 - Knowledge - INFO - Fast-track processing for simple file: /app/data/b2c/9453/b8355y4/meta-rdk-9453/conf/distro/include/rdk-esdk-conf.inc
2025-08-21 09:10:44,064 - Knowledge - INFO - done fast ingest for /app/data/b2c/9453/b8355y4/meta-rdk-9453/conf/distro/include/rdk-esdk-conf.inc
2025-08-21 09:10:44,064 - Knowledge - INFO - process ingested knowledge for /app/data/b2c/9453/b8355y4/meta-rdk-9453/conf/distro/include/rdk-esdk-conf.inc
2025-08-21 09:10:44,198 - Knowledge - INFO - worker kw17 pull /app/data/b2c/9453/b8355y4/meta-rdk-9453/conf/distro/include/qt5-versions.inc from ingest queue
2025-08-21 09:10:44,198 - Knowledge - INFO - Thread kw17 - File qt5-versions.inc - Remaining files in queue: 31
2025-08-21 09:10:44,198 - Knowledge - INFO - adding /app/data/b2c/9453/b8355y4/meta-rdk-9453/recipes-support/network-zero-conf/files/default-time-setter.sh to ingest queue
2025-08-21 09:10:44,199 - Knowledge - INFO - start ingest for /app/data/b2c/9453/b8355y4/meta-rdk-9453/conf/distro/include/qt5-versions.inc
2025-08-21 09:10:44,199 - Knowledge - INFO - worker kw21 pull /app/data/b2c/9453/b8355y4/meta-rdk-9453/conf/include/basehash_ignore_vars.inc from ingest queue
2025-08-21 09:10:44,199 - Knowledge - INFO - Thread kw21 - File basehash_ignore_vars.inc - Remaining files in queue: 31
2025-08-21 09:10:44,199 - Knowledge - INFO - start ingest for /app/data/b2c/9453/b8355y4/meta-rdk-9453/conf/include/basehash_ignore_vars.inc
2025-08-21 09:10:44,203 - Knowledge - INFO - Fast-track processing for simple file: /app/data/b2c/9453/b8355y4/meta-rdk-9453/conf/include/basehash_ignore_vars.inc
2025-08-21 09:10:44,204 - Knowledge - INFO - done fast ingest for /app/data/b2c/9453/b8355y4/meta-rdk-9453/conf/include/basehash_ignore_vars.inc
2025-08-21 09:10:44,204 - Knowledge - INFO - process ingested knowledge for /app/data/b2c/9453/b8355y4/meta-rdk-9453/conf/include/basehash_ignore_vars.inc
2025-08-21 09:10:44,567 - Knowledge - INFO - adding /app/data/b2c/9453/b8355y4/meta-rdk-9453/recipes-extended/webkitbrowser-plugin/include/webkitbrowser_properties.inc to ingest queue
2025-08-21 09:10:44,567 - Knowledge - INFO - worker kw18 pull /app/data/b2c/9453/b8355y4/meta-rdk-9453/conf/distro/include/rdk_security_flags.inc from ingest queue
2025-08-21 09:10:44,567 - Knowledge - INFO - Thread kw18 - File rdk_security_flags.inc - Remaining files in queue: 31
2025-08-21 09:10:44,568 - Knowledge - INFO - start ingest for /app/data/b2c/9453/b8355y4/meta-rdk-9453/conf/distro/include/rdk_security_flags.inc
2025-08-21 09:10:44,568 - Knowledge - INFO - Found code-base-name: https://github.com/kavia-common/meta-rdk-9453.git:kavia-master
2025-08-21 09:10:44,568 - Knowledge - INFO - Found code_base: <app.utils.kg_build.knowledge.KnowledgeCodeBase object at 0x7f1be85a43d0>
2025-08-21 09:10:44,569 - Knowledge - INFO - persist ingested knowledge for /app/data/b2c/9453/b8355y4/meta-rdk-9453/recipes-benchmark/stress-ng/files/openssl-ptest-perf_stats.sh
2025-08-21 09:10:45,196 - Knowledge - INFO - worker kw20 pull /app/data/b2c/9453/b8355y4/meta-rdk-9453/conf/distro/include/rdkvemu.inc from ingest queue
2025-08-21 09:10:45,196 - Knowledge - INFO - Thread kw20 - File rdkvemu.inc - Remaining files in queue: 30
2025-08-21 09:10:45,197 - Knowledge - INFO - start ingest for /app/data/b2c/9453/b8355y4/meta-rdk-9453/conf/distro/include/rdkvemu.inc
2025-08-21 09:10:46,173 - Knowledge - INFO - worker kw1 pull /app/data/b2c/9453/b8355y4/meta-rdk-9453/conf/distro/include/rdk_backtrace_log.inc from ingest queue
2025-08-21 09:10:46,173 - Knowledge - INFO - Thread kw1 - File rdk_backtrace_log.inc - Remaining files in queue: 29
2025-08-21 09:10:46,173 - Knowledge - INFO - start ingest for /app/data/b2c/9453/b8355y4/meta-rdk-9453/conf/distro/include/rdk_backtrace_log.inc
2025-08-21 09:10:46,174 - Knowledge - INFO - worker kw7 pull /app/data/b2c/9453/b8355y4/meta-rdk-9453/conf/conf-notes.txt from ingest queue
2025-08-21 09:10:46,174 - Knowledge - INFO - Thread kw7 - File conf-notes.txt - Remaining files in queue: 28
2025-08-21 09:10:46,174 - Knowledge - INFO - start ingest for /app/data/b2c/9453/b8355y4/meta-rdk-9453/conf/conf-notes.txt
2025-08-21 09:10:46,178 - Knowledge - INFO - adding /app/data/b2c/9453/b8355y4/meta-rdk-9453/recipes-support/network-zero-conf/files/board_access.sh to ingest queue
2025-08-21 09:10:46,186 - Knowledge - INFO - Found code-base-name: https://github.com/kavia-common/meta-rdk-9453.git:kavia-master
2025-08-21 09:10:46,186 - Knowledge - INFO - Found code_base: <app.utils.kg_build.knowledge.KnowledgeCodeBase object at 0x7f1be85a43d0>
2025-08-21 09:10:46,186 - Knowledge - INFO - persist ingested knowledge for /app/data/b2c/9453/b8355y4/meta-rdk-9453/conf/distro/include/rdk-esdk-conf.inc
2025-08-21 09:10:46,192 - Knowledge - INFO - adding /app/data/b2c/9453/b8355y4/meta-rdk-9453/recipes-extended/webkitbrowser-plugin/include/webkitbrowser_memorylimits.default.inc to ingest queue
2025-08-21 09:10:46,195 - Knowledge - INFO - Fast-track processing for simple file: /app/data/b2c/9453/b8355y4/meta-rdk-9453/conf/conf-notes.txt
2025-08-21 09:10:46,195 - Knowledge - INFO - done fast ingest for /app/data/b2c/9453/b8355y4/meta-rdk-9453/conf/conf-notes.txt
2025-08-21 09:10:46,196 - Knowledge - INFO - process ingested knowledge for /app/data/b2c/9453/b8355y4/meta-rdk-9453/conf/conf-notes.txt
2025-08-21 09:10:46,196 - Knowledge - INFO - adding /app/data/b2c/9453/b8355y4/meta-rdk-9453/rename_srcrev.sh to ingest queue
2025-08-21 09:10:46,199 - Knowledge - INFO - worker kw2 pull /app/data/b2c/9453/b8355y4/meta-rdk-9453/conf/distro/include/rdkx.inc from ingest queue
2025-08-21 09:10:46,199 - Knowledge - INFO - Thread kw2 - File rdkx.inc - Remaining files in queue: 30
2025-08-21 09:10:46,200 - Knowledge - INFO - start ingest for /app/data/b2c/9453/b8355y4/meta-rdk-9453/conf/distro/include/rdkx.inc
2025-08-21 09:10:46,266 - Knowledge - INFO - Found code-base-name: https://github.com/kavia-common/meta-rdk-9453.git:kavia-master
2025-08-21 09:10:46,266 - Knowledge - INFO - Found code_base: <app.utils.kg_build.knowledge.KnowledgeCodeBase object at 0x7f1be85a43d0>
2025-08-21 09:10:46,266 - Knowledge - INFO - persist ingested knowledge for /app/data/b2c/9453/b8355y4/meta-rdk-9453/conf/include/basehash_ignore_vars.inc
2025-08-21 09:10:46,271 - Knowledge - INFO - adding /app/data/b2c/9453/b8355y4/meta-rdk-9453/recipes-benchmark/stress-ng/files/rdk_oss_uploadSTBLogs.sh to ingest queue
2025-08-21 09:10:46,273 - Knowledge - INFO - worker kw16 pull /app/data/b2c/9453/b8355y4/meta-rdk-9453/conf/distro/include/libsoup3.inc from ingest queue
2025-08-21 09:10:46,273 - Knowledge - INFO - Thread kw16 - File libsoup3.inc - Remaining files in queue: 30
2025-08-21 09:10:46,274 - Knowledge - INFO - start ingest for /app/data/b2c/9453/b8355y4/meta-rdk-9453/conf/distro/include/libsoup3.inc
2025-08-21 09:10:46,280 - Knowledge - INFO - worker kw8 pull /app/data/b2c/9453/b8355y4/meta-rdk-9453/conf/distro/include/rdk_multilib.inc from ingest queue
2025-08-21 09:10:46,280 - Knowledge - INFO - Thread kw8 - File rdk_multilib.inc - Remaining files in queue: 29
2025-08-21 09:10:46,280 - Knowledge - INFO - start ingest for /app/data/b2c/9453/b8355y4/meta-rdk-9453/conf/distro/include/rdk_multilib.inc
2025-08-21 09:10:46,300 - Knowledge - INFO - Fast-track processing for simple file: /app/data/b2c/9453/b8355y4/meta-rdk-9453/conf/distro/include/rdk_multilib.inc
2025-08-21 09:10:46,300 - Knowledge - INFO - done fast ingest for /app/data/b2c/9453/b8355y4/meta-rdk-9453/conf/distro/include/rdk_multilib.inc
2025-08-21 09:10:46,301 - Knowledge - INFO - process ingested knowledge for /app/data/b2c/9453/b8355y4/meta-rdk-9453/conf/distro/include/rdk_multilib.inc
2025-08-21 09:10:46,389 - Knowledge - INFO - Fast-track processing for simple file: /app/data/b2c/9453/b8355y4/meta-rdk-9453/conf/distro/include/rdkx.inc
2025-08-21 09:10:46,389 - Knowledge - INFO - done fast ingest for /app/data/b2c/9453/b8355y4/meta-rdk-9453/conf/distro/include/rdkx.inc
2025-08-21 09:10:46,389 - Knowledge - INFO - process ingested knowledge for /app/data/b2c/9453/b8355y4/meta-rdk-9453/conf/distro/include/rdkx.inc
2025-08-21 09:10:47,586 - Knowledge - INFO - adding /app/data/b2c/9453/b8355y4/meta-rdk-9453/recipes-benchmark/stress-ng/files/stress-ng-tests.sh to ingest queue
2025-08-21 09:10:47,592 - Knowledge - INFO - worker kw19 pull /app/data/b2c/9453/b8355y4/meta-rdk-9453/conf/distro/include/rdk-external-src.inc from ingest queue
2025-08-21 09:10:47,592 - Knowledge - INFO - Thread kw19 - File rdk-external-src.inc - Remaining files in queue: 29
2025-08-21 09:10:47,592 - Knowledge - INFO - start ingest for /app/data/b2c/9453/b8355y4/meta-rdk-9453/conf/distro/include/rdk-external-src.inc
2025-08-21 09:10:47,674 - Knowledge - INFO - Fast-track processing for simple file: /app/data/b2c/9453/b8355y4/meta-rdk-9453/conf/distro/include/rdk-external-src.inc
2025-08-21 09:10:47,674 - Knowledge - INFO - done fast ingest for /app/data/b2c/9453/b8355y4/meta-rdk-9453/conf/distro/include/rdk-external-src.inc
2025-08-21 09:10:47,675 - Knowledge - INFO - process ingested knowledge for /app/data/b2c/9453/b8355y4/meta-rdk-9453/conf/distro/include/rdk-external-src.inc
2025-08-21 09:10:48,265 - Knowledge - INFO - Found code-base-name: https://github.com/kavia-common/meta-rdk-9453.git:kavia-master
2025-08-21 09:10:48,266 - Knowledge - INFO - Found code_base: <app.utils.kg_build.knowledge.KnowledgeCodeBase object at 0x7f1be85a43d0>
2025-08-21 09:10:48,266 - Knowledge - INFO - persist ingested knowledge for /app/data/b2c/9453/b8355y4/meta-rdk-9453/conf/conf-notes.txt
2025-08-21 09:10:49,479 - Knowledge - INFO - worker kw24 pull /app/data/b2c/9453/b8355y4/meta-rdk-9453/conf/distro/include/rdkb.inc from ingest queue
2025-08-21 09:10:49,480 - Knowledge - INFO - Thread kw24 - File rdkb.inc - Remaining files in queue: 28
2025-08-21 09:10:49,480 - Knowledge - INFO - start ingest for /app/data/b2c/9453/b8355y4/meta-rdk-9453/conf/distro/include/rdkb.inc
2025-08-21 09:10:49,899 - Knowledge - INFO - worker kw25 pull /app/data/b2c/9453/b8355y4/meta-rdk-9453/conf/distro/include/setscene_enforce_ignore_tasks.inc from ingest queue
2025-08-21 09:10:49,900 - Knowledge - INFO - Thread kw25 - File setscene_enforce_ignore_tasks.inc - Remaining files in queue: 27
2025-08-21 09:10:49,909 - Knowledge - INFO - start ingest for /app/data/b2c/9453/b8355y4/meta-rdk-9453/conf/distro/include/setscene_enforce_ignore_tasks.inc
2025-08-21 09:10:49,910 - Knowledge - INFO - Found code-base-name: https://github.com/kavia-common/meta-rdk-9453.git:kavia-master
2025-08-21 09:10:49,910 - Knowledge - INFO - Found code_base: <app.utils.kg_build.knowledge.KnowledgeCodeBase object at 0x7f1be85a43d0>
2025-08-21 09:10:49,910 - Knowledge - INFO - persist ingested knowledge for /app/data/b2c/9453/b8355y4/meta-rdk-9453/conf/distro/include/rdkx.inc
2025-08-21 09:10:49,914 - Knowledge - INFO - adding /app/data/b2c/9453/b8355y4/meta-rdk-9453/recipes-benchmark/stress-ng/files/capture-proc-metrics.sh to ingest queue
2025-08-21 09:10:49,978 - Knowledge - INFO - worker kw5 pull /app/data/b2c/9453/b8355y4/meta-rdk-9453/conf/distro/include/rdkv.inc from ingest queue
2025-08-21 09:10:49,978 - Knowledge - INFO - Thread kw5 - File rdkv.inc - Remaining files in queue: 27
2025-08-21 09:10:49,984 - Knowledge - INFO - worker kw4 pull /app/data/b2c/9453/b8355y4/meta-rdk-9453/recipes-common/sys_mon_tools/sys_mon_tools.inc from ingest queue
2025-08-21 09:10:49,984 - Knowledge - INFO - Thread kw4 - File sys_mon_tools.inc - Remaining files in queue: 26
2025-08-21 09:10:49,984 - Knowledge - INFO - start ingest for /app/data/b2c/9453/b8355y4/meta-rdk-9453/recipes-common/sys_mon_tools/sys_mon_tools.inc
2025-08-21 09:10:49,988 - Knowledge - INFO - start ingest for /app/data/b2c/9453/b8355y4/meta-rdk-9453/conf/distro/include/rdkv.inc
2025-08-21 09:10:49,989 - Knowledge - INFO - Fast-track processing for simple file: /app/data/b2c/9453/b8355y4/meta-rdk-9453/conf/distro/include/setscene_enforce_ignore_tasks.inc
2025-08-21 09:10:49,989 - Knowledge - INFO - done fast ingest for /app/data/b2c/9453/b8355y4/meta-rdk-9453/conf/distro/include/setscene_enforce_ignore_tasks.inc
2025-08-21 09:10:49,994 - Knowledge - INFO - Found code-base-name: https://github.com/kavia-common/meta-rdk-9453.git:kavia-master
2025-08-21 09:10:49,994 - Knowledge - INFO - Found code_base: <app.utils.kg_build.knowledge.KnowledgeCodeBase object at 0x7f1be85a43d0>
2025-08-21 09:10:49,994 - Knowledge - INFO - persist ingested knowledge for /app/data/b2c/9453/b8355y4/meta-rdk-9453/conf/distro/include/rdk-external-src.inc
2025-08-21 09:10:49,995 - Knowledge - INFO - process ingested knowledge for /app/data/b2c/9453/b8355y4/meta-rdk-9453/conf/distro/include/setscene_enforce_ignore_tasks.inc
2025-08-21 09:10:50,003 - Knowledge - INFO - Fast-track processing for simple file: /app/data/b2c/9453/b8355y4/meta-rdk-9453/recipes-common/sys_mon_tools/sys_mon_tools.inc
2025-08-21 09:10:50,003 - Knowledge - INFO - done fast ingest for /app/data/b2c/9453/b8355y4/meta-rdk-9453/recipes-common/sys_mon_tools/sys_mon_tools.inc
2025-08-21 09:10:50,004 - Knowledge - INFO - process ingested knowledge for /app/data/b2c/9453/b8355y4/meta-rdk-9453/recipes-common/sys_mon_tools/sys_mon_tools.inc
2025-08-21 09:10:50,675 - Knowledge - INFO - adding /app/data/b2c/9453/b8355y4/meta-rdk-9453/recipes-benchmark/stress-ng/files/openssl-ptest-perf_stats.sh to ingest queue
2025-08-21 09:10:50,677 - Knowledge - INFO - adding /app/data/b2c/9453/b8355y4/meta-rdk-9453/recipes-benchmark/stress-ng/files/openssl-ptest-stress.sh to ingest queue
2025-08-21 09:10:50,685 - Knowledge - INFO - worker kw21 pull /app/data/b2c/9453/b8355y4/meta-rdk-9453/conf/distro/include/rdk-versions.inc from ingest queue
2025-08-21 09:10:50,685 - Knowledge - INFO - Thread kw21 - File rdk-versions.inc - Remaining files in queue: 27
2025-08-21 09:10:50,685 - Knowledge - INFO - start ingest for /app/data/b2c/9453/b8355y4/meta-rdk-9453/conf/distro/include/rdk-versions.inc
2025-08-21 09:10:50,685 - Knowledge - INFO - Found code-base-name: https://github.com/kavia-common/meta-rdk-9453.git:kavia-master
2025-08-21 09:10:50,686 - Knowledge - INFO - Found code_base: <app.utils.kg_build.knowledge.KnowledgeCodeBase object at 0x7f1be85a43d0>
2025-08-21 09:10:50,686 - Knowledge - INFO - persist ingested knowledge for /app/data/b2c/9453/b8355y4/meta-rdk-9453/conf/distro/include/rdk_multilib.inc
2025-08-21 09:10:51,368 - Knowledge - INFO - worker kw15 pull /app/data/b2c/9453/b8355y4/meta-rdk-9453/recipes-core/images/rdk-esdk-override.inc from ingest queue
2025-08-21 09:10:51,368 - Knowledge - INFO - Thread kw15 - File rdk-esdk-override.inc - Remaining files in queue: 26
2025-08-21 09:10:51,368 - Knowledge - INFO - start ingest for /app/data/b2c/9453/b8355y4/meta-rdk-9453/recipes-core/images/rdk-esdk-override.inc
2025-08-21 09:10:51,393 - Knowledge - INFO - worker kw6 pull /app/data/b2c/9453/b8355y4/meta-rdk-9453/recipes-core/images/sdk-common.inc from ingest queue
2025-08-21 09:10:51,393 - Knowledge - INFO - Thread kw6 - File sdk-common.inc - Remaining files in queue: 25
2025-08-21 09:10:51,394 - Knowledge - INFO - start ingest for /app/data/b2c/9453/b8355y4/meta-rdk-9453/recipes-core/images/sdk-common.inc
2025-08-21 09:10:52,070 - Knowledge - INFO - Found code-base-name: https://github.com/kavia-common/meta-rdk-9453.git:kavia-master
2025-08-21 09:10:52,070 - Knowledge - INFO - Found code_base: <app.utils.kg_build.knowledge.KnowledgeCodeBase object at 0x7f1be85a43d0>
2025-08-21 09:10:52,070 - Knowledge - INFO - persist ingested knowledge for /app/data/b2c/9453/b8355y4/meta-rdk-9453/recipes-common/sys_mon_tools/sys_mon_tools.inc
2025-08-21 09:10:52,085 - Knowledge - INFO - worker kw19 pull /app/data/b2c/9453/b8355y4/meta-rdk-9453/conf/distro/include/rdkc.inc from ingest queue
2025-08-21 09:10:52,085 - Knowledge - INFO - Thread kw19 - File rdkc.inc - Remaining files in queue: 24
2025-08-21 09:10:52,086 - Knowledge - INFO - start ingest for /app/data/b2c/9453/b8355y4/meta-rdk-9453/conf/distro/include/rdkc.inc
2025-08-21 09:10:52,087 - Knowledge - INFO - adding /app/data/b2c/9453/b8355y4/meta-rdk-9453/CONTRIBUTING.md to ingest queue
2025-08-21 09:10:52,781 - Knowledge - INFO - worker kw3 pull /app/data/b2c/9453/b8355y4/meta-rdk-9453/recipes-core/images/rdk-generic-media-common.inc from ingest queue
2025-08-21 09:10:52,781 - Knowledge - INFO - Thread kw3 - File rdk-generic-media-common.inc - Remaining files in queue: 24
2025-08-21 09:10:52,781 - Knowledge - INFO - start ingest for /app/data/b2c/9453/b8355y4/meta-rdk-9453/recipes-core/images/rdk-generic-media-common.inc
2025-08-21 09:10:52,785 - Knowledge - INFO - Found code-base-name: https://github.com/kavia-common/meta-rdk-9453.git:kavia-master
2025-08-21 09:10:52,785 - Knowledge - INFO - Found code_base: <app.utils.kg_build.knowledge.KnowledgeCodeBase object at 0x7f1be85a43d0>
2025-08-21 09:10:52,785 - Knowledge - INFO - persist ingested knowledge for /app/data/b2c/9453/b8355y4/meta-rdk-9453/conf/distro/include/setscene_enforce_ignore_tasks.inc
2025-08-21 09:10:53,399 - Knowledge - INFO - worker kw7 pull /app/data/b2c/9453/b8355y4/meta-rdk-9453/recipes-extended/webkitbrowser-plugin/include/webkitbrowser_memorylimits.fhd.inc from ingest queue
2025-08-21 09:10:53,399 - Knowledge - INFO - Thread kw7 - File webkitbrowser_memorylimits.fhd.inc - Remaining files in queue: 23
2025-08-21 09:10:53,400 - Knowledge - INFO - start ingest for /app/data/b2c/9453/b8355y4/meta-rdk-9453/recipes-extended/webkitbrowser-plugin/include/webkitbrowser_memorylimits.fhd.inc
2025-08-21 09:10:53,404 - Knowledge - INFO - worker kw10 pull /app/data/b2c/9453/b8355y4/meta-rdk-9453/recipes-containers/dobby/dobby.inc from ingest queue
2025-08-21 09:10:53,404 - Knowledge - INFO - Thread kw10 - File dobby.inc - Remaining files in queue: 22
2025-08-21 09:10:53,404 - Knowledge - INFO - start ingest for /app/data/b2c/9453/b8355y4/meta-rdk-9453/recipes-containers/dobby/dobby.inc
2025-08-21 09:10:53,479 - Knowledge - INFO - worker kw8 pull /app/data/b2c/9453/b8355y4/meta-rdk-9453/recipes-extended/webkitbrowser-plugin/files/clearWebkitBrowserCache.sh from ingest queue
2025-08-21 09:10:53,480 - Knowledge - INFO - Thread kw8 - File clearWebkitBrowserCache.sh - Remaining files in queue: 21
2025-08-21 09:10:53,480 - Knowledge - INFO - start ingest for /app/data/b2c/9453/b8355y4/meta-rdk-9453/recipes-extended/webkitbrowser-plugin/files/clearWebkitBrowserCache.sh
2025-08-21 09:10:53,499 - Knowledge - INFO - Fast-track processing for simple file: /app/data/b2c/9453/b8355y4/meta-rdk-9453/recipes-containers/dobby/dobby.inc
2025-08-21 09:10:53,499 - Knowledge - INFO - done fast ingest for /app/data/b2c/9453/b8355y4/meta-rdk-9453/recipes-containers/dobby/dobby.inc
2025-08-21 09:10:53,499 - Knowledge - INFO - process ingested knowledge for /app/data/b2c/9453/b8355y4/meta-rdk-9453/recipes-containers/dobby/dobby.inc
2025-08-21 09:10:53,599 - Knowledge - INFO - Fast-track processing for simple file: /app/data/b2c/9453/b8355y4/meta-rdk-9453/recipes-extended/webkitbrowser-plugin/include/webkitbrowser_memorylimits.fhd.inc
2025-08-21 09:10:53,599 - Knowledge - INFO - done fast ingest for /app/data/b2c/9453/b8355y4/meta-rdk-9453/recipes-extended/webkitbrowser-plugin/include/webkitbrowser_memorylimits.fhd.inc
2025-08-21 09:10:53,600 - Knowledge - INFO - process ingested knowledge for /app/data/b2c/9453/b8355y4/meta-rdk-9453/recipes-extended/webkitbrowser-plugin/include/webkitbrowser_memorylimits.fhd.inc
2025-08-21 09:10:54,088 - Knowledge - INFO - worker kw11 pull /app/data/b2c/9453/b8355y4/meta-rdk-9453/conf/distro/include/rdk_lto.inc from ingest queue
2025-08-21 09:10:54,088 - Knowledge - INFO - Thread kw11 - File rdk_lto.inc - Remaining files in queue: 20
2025-08-21 09:10:54,088 - Knowledge - INFO - start ingest for /app/data/b2c/9453/b8355y4/meta-rdk-9453/conf/distro/include/rdk_lto.inc
2025-08-21 09:10:54,090 - Knowledge - INFO - worker kw4 pull /app/data/b2c/9453/b8355y4/meta-rdk-9453/recipes-common/debug-tools/files/debug-tools_download.sh from ingest queue
2025-08-21 09:10:54,091 - Knowledge - INFO - Thread kw4 - File debug-tools_download.sh - Remaining files in queue: 19
2025-08-21 09:10:54,091 - Knowledge - INFO - start ingest for /app/data/b2c/9453/b8355y4/meta-rdk-9453/recipes-common/debug-tools/files/debug-tools_download.sh
2025-08-21 09:10:54,177 - Knowledge - INFO - Fast-track processing for simple file: /app/data/b2c/9453/b8355y4/meta-rdk-9453/conf/distro/include/rdk_lto.inc
2025-08-21 09:10:54,177 - Knowledge - INFO - done fast ingest for /app/data/b2c/9453/b8355y4/meta-rdk-9453/conf/distro/include/rdk_lto.inc
2025-08-21 09:10:54,183 - Knowledge - INFO - Found code-base-name: https://github.com/kavia-common/meta-rdk-9453.git:kavia-master
2025-08-21 09:10:54,183 - Knowledge - INFO - Found code_base: <app.utils.kg_build.knowledge.KnowledgeCodeBase object at 0x7f1be85a43d0>
2025-08-21 09:10:54,183 - Knowledge - INFO - persist ingested knowledge for /app/data/b2c/9453/b8355y4/meta-rdk-9453/recipes-containers/dobby/dobby.inc
2025-08-21 09:10:54,185 - Knowledge - INFO - process ingested knowledge for /app/data/b2c/9453/b8355y4/meta-rdk-9453/conf/distro/include/rdk_lto.inc
2025-08-21 09:10:54,185 - Knowledge - INFO - Found code-base-name: https://github.com/kavia-common/meta-rdk-9453.git:kavia-master
2025-08-21 09:10:54,186 - Knowledge - INFO - Found code_base: <app.utils.kg_build.knowledge.KnowledgeCodeBase object at 0x7f1be85a43d0>
2025-08-21 09:10:54,186 - Knowledge - INFO - persist ingested knowledge for /app/data/b2c/9453/b8355y4/meta-rdk-9453/recipes-extended/webkitbrowser-plugin/include/webkitbrowser_memorylimits.fhd.inc
2025-08-21 09:10:54,263 - Knowledge - INFO - worker kw23 pull /app/data/b2c/9453/b8355y4/meta-rdk-9453/recipes-common/safec-common-wrapper/files/safec_lib.h from ingest queue
2025-08-21 09:10:54,263 - Knowledge - INFO - Thread kw23 - File safec_lib.h - Remaining files in queue: 18
2025-08-21 09:10:54,263 - Knowledge - INFO - start ingest for /app/data/b2c/9453/b8355y4/meta-rdk-9453/recipes-common/safec-common-wrapper/files/safec_lib.h
2025-08-21 09:10:54,277 - Knowledge - INFO - worker kw2 pull /app/data/b2c/9453/b8355y4/meta-rdk-9453/recipes-extended/webkitbrowser-plugin/include/webkitbrowser_memorylimits.2gb.inc from ingest queue
2025-08-21 09:10:54,277 - Knowledge - INFO - Thread kw2 - File webkitbrowser_memorylimits.2gb.inc - Remaining files in queue: 17
2025-08-21 09:10:54,278 - Knowledge - INFO - start ingest for /app/data/b2c/9453/b8355y4/meta-rdk-9453/recipes-extended/webkitbrowser-plugin/include/webkitbrowser_memorylimits.2gb.inc
2025-08-21 09:10:54,296 - Knowledge - INFO - Fast-track processing for simple file: /app/data/b2c/9453/b8355y4/meta-rdk-9453/recipes-extended/webkitbrowser-plugin/include/webkitbrowser_memorylimits.2gb.inc
2025-08-21 09:10:54,297 - Knowledge - INFO - done fast ingest for /app/data/b2c/9453/b8355y4/meta-rdk-9453/recipes-extended/webkitbrowser-plugin/include/webkitbrowser_memorylimits.2gb.inc
2025-08-21 09:10:54,297 - Knowledge - INFO - process ingested knowledge for /app/data/b2c/9453/b8355y4/meta-rdk-9453/recipes-extended/webkitbrowser-plugin/include/webkitbrowser_memorylimits.2gb.inc
2025-08-21 09:10:54,671 - Knowledge - INFO - done ingest for /app/data/b2c/9453/b8355y4/meta-rdk-9453/conf/distro/include/qt5-versions.inc
2025-08-21 09:10:54,685 - Knowledge - INFO - process ingested knowledge for /app/data/b2c/9453/b8355y4/meta-rdk-9453/conf/distro/include/qt5-versions.inc
2025-08-21 09:10:54,865 - Knowledge - INFO - done ingest for /app/data/b2c/9453/b8355y4/meta-rdk-9453/recipes-test/hello/files/run-hello-app.sh
2025-08-21 09:10:54,866 - Knowledge - INFO - process ingested knowledge for /app/data/b2c/9453/b8355y4/meta-rdk-9453/recipes-test/hello/files/run-hello-app.sh
2025-08-21 09:10:54,978 - Knowledge - INFO - done ingest for /app/data/b2c/9453/b8355y4/meta-rdk-9453/conf/distro/include/gstreamer-versions.inc
2025-08-21 09:10:54,996 - Knowledge - INFO - process ingested knowledge for /app/data/b2c/9453/b8355y4/meta-rdk-9453/conf/distro/include/gstreamer-versions.inc
2025-08-21 09:10:55,003 - Knowledge - INFO - done ingest for /app/data/b2c/9453/b8355y4/meta-rdk-9453/conf/distro/include/libsoup2.inc
2025-08-21 09:10:55,003 - Knowledge - INFO - process ingested knowledge for /app/data/b2c/9453/b8355y4/meta-rdk-9453/conf/distro/include/libsoup2.inc
2025-08-21 09:10:55,063 - Knowledge - INFO - worker kw10 pull /app/data/b2c/9453/b8355y4/meta-rdk-9453/conf/distro/include/setscene_enforce_whitelist.inc from ingest queue
2025-08-21 09:10:55,063 - Knowledge - INFO - Thread kw10 - File setscene_enforce_whitelist.inc - Remaining files in queue: 16
2025-08-21 09:10:55,064 - Knowledge - INFO - start ingest for /app/data/b2c/9453/b8355y4/meta-rdk-9453/conf/distro/include/setscene_enforce_whitelist.inc
2025-08-21 09:10:55,087 - Knowledge - INFO - Fast-track processing for simple file: /app/data/b2c/9453/b8355y4/meta-rdk-9453/conf/distro/include/setscene_enforce_whitelist.inc
2025-08-21 09:10:55,087 - Knowledge - INFO - done fast ingest for /app/data/b2c/9453/b8355y4/meta-rdk-9453/conf/distro/include/setscene_enforce_whitelist.inc
2025-08-21 09:10:55,088 - Knowledge - INFO - process ingested knowledge for /app/data/b2c/9453/b8355y4/meta-rdk-9453/conf/distro/include/setscene_enforce_whitelist.inc
2025-08-21 09:10:55,594 - Knowledge - INFO - Found code-base-name: https://github.com/kavia-common/meta-rdk-9453.git:kavia-master
2025-08-21 09:10:55,594 - Knowledge - INFO - Found code_base: <app.utils.kg_build.knowledge.KnowledgeCodeBase object at 0x7f1be85a43d0>
2025-08-21 09:10:55,594 - Knowledge - INFO - persist ingested knowledge for /app/data/b2c/9453/b8355y4/meta-rdk-9453/recipes-extended/webkitbrowser-plugin/include/webkitbrowser_memorylimits.2gb.inc
2025-08-21 09:10:55,695 - Knowledge - INFO - Found code-base-name: https://github.com/kavia-common/meta-rdk-9453.git:kavia-master
2025-08-21 09:10:55,695 - Knowledge - INFO - Found code_base: <app.utils.kg_build.knowledge.KnowledgeCodeBase object at 0x7f1be85a43d0>
2025-08-21 09:10:55,695 - Knowledge - INFO - persist ingested knowledge for /app/data/b2c/9453/b8355y4/meta-rdk-9453/conf/distro/include/qt5-versions.inc
2025-08-21 09:10:55,700 - Knowledge - INFO - Found code-base-name: https://github.com/kavia-common/meta-rdk-9453.git:kavia-master
2025-08-21 09:10:55,700 - Knowledge - INFO - Found code_base: <app.utils.kg_build.knowledge.KnowledgeCodeBase object at 0x7f1be85a43d0>
2025-08-21 09:10:55,700 - Knowledge - INFO - persist ingested knowledge for /app/data/b2c/9453/b8355y4/meta-rdk-9453/recipes-test/hello/files/run-hello-app.sh
2025-08-21 09:10:55,776 - Knowledge - INFO - Found code-base-name: https://github.com/kavia-common/meta-rdk-9453.git:kavia-master
2025-08-21 09:10:55,776 - Knowledge - INFO - Found code_base: <app.utils.kg_build.knowledge.KnowledgeCodeBase object at 0x7f1be85a43d0>
2025-08-21 09:10:55,776 - Knowledge - INFO - persist ingested knowledge for /app/data/b2c/9453/b8355y4/meta-rdk-9453/conf/distro/include/gstreamer-versions.inc
2025-08-21 09:10:55,777 - Knowledge - INFO - Found code-base-name: https://github.com/kavia-common/meta-rdk-9453.git:kavia-master
2025-08-21 09:10:55,778 - Knowledge - INFO - Found code_base: <app.utils.kg_build.knowledge.KnowledgeCodeBase object at 0x7f1be85a43d0>
2025-08-21 09:10:55,778 - Knowledge - INFO - persist ingested knowledge for /app/data/b2c/9453/b8355y4/meta-rdk-9453/conf/distro/include/libsoup2.inc
2025-08-21 09:10:55,780 - Knowledge - INFO - Found code-base-name: https://github.com/kavia-common/meta-rdk-9453.git:kavia-master
2025-08-21 09:10:55,780 - Knowledge - INFO - Found code_base: <app.utils.kg_build.knowledge.KnowledgeCodeBase object at 0x7f1be85a43d0>
2025-08-21 09:10:55,780 - Knowledge - INFO - persist ingested knowledge for /app/data/b2c/9453/b8355y4/meta-rdk-9453/conf/distro/include/rdk_lto.inc
2025-08-21 09:10:55,784 - Knowledge - INFO - worker kw25 pull /app/data/b2c/9453/b8355y4/meta-rdk-9453/conf/distro/include/rdkb_backtrace_log.inc from ingest queue
2025-08-21 09:10:55,784 - Knowledge - INFO - Thread kw25 - File rdkb_backtrace_log.inc - Remaining files in queue: 15
2025-08-21 09:10:55,784 - Knowledge - INFO - start ingest for /app/data/b2c/9453/b8355y4/meta-rdk-9453/conf/distro/include/rdkb_backtrace_log.inc
2025-08-21 09:10:55,785 - Knowledge - INFO - worker kw7 pull /app/data/b2c/9453/b8355y4/meta-rdk-9453/recipes-common/gtest-apps/gtest-apps/gtest_apps_download.sh from ingest queue
2025-08-21 09:10:55,785 - Knowledge - INFO - Thread kw7 - File gtest_apps_download.sh - Remaining files in queue: 14
2025-08-21 09:10:55,786 - Knowledge - INFO - start ingest for /app/data/b2c/9453/b8355y4/meta-rdk-9453/recipes-common/gtest-apps/gtest-apps/gtest_apps_download.sh
2025-08-21 09:10:57,987 - Knowledge - INFO - done ingest for /app/data/b2c/9453/b8355y4/meta-rdk-9453/conf/distro/include/rdkvemu.inc
2025-08-21 09:10:57,987 - Knowledge - INFO - process ingested knowledge for /app/data/b2c/9453/b8355y4/meta-rdk-9453/conf/distro/include/rdkvemu.inc
2025-08-21 09:10:58,371 - Knowledge - INFO - Found code-base-name: https://github.com/kavia-common/meta-rdk-9453.git:kavia-master
2025-08-21 09:10:58,372 - Knowledge - INFO - Found code_base: <app.utils.kg_build.knowledge.KnowledgeCodeBase object at 0x7f1be85a43d0>
2025-08-21 09:10:58,372 - Knowledge - INFO - persist ingested knowledge for /app/data/b2c/9453/b8355y4/meta-rdk-9453/conf/distro/include/setscene_enforce_whitelist.inc
2025-08-21 09:10:58,593 - Knowledge - INFO - done ingest for /app/data/b2c/9453/b8355y4/meta-rdk-9453/conf/distro/include/libsoup3.inc
2025-08-21 09:10:58,593 - Knowledge - INFO - process ingested knowledge for /app/data/b2c/9453/b8355y4/meta-rdk-9453/conf/distro/include/libsoup3.inc
2025-08-21 09:10:58,964 - Knowledge - INFO - done ingest for /app/data/b2c/9453/b8355y4/meta-rdk-9453/conf/distro/include/rdk_backtrace_log.inc
2025-08-21 09:10:58,967 - Knowledge - INFO - process ingested knowledge for /app/data/b2c/9453/b8355y4/meta-rdk-9453/conf/distro/include/rdk_backtrace_log.inc
2025-08-21 09:10:59,467 - Knowledge - INFO - worker kw2 pull /app/data/b2c/9453/b8355y4/meta-rdk-9453/conf/distro/include/license_flags_whitelist.inc from ingest queue
2025-08-21 09:10:59,467 - Knowledge - INFO - Thread kw2 - File license_flags_whitelist.inc - Remaining files in queue: 13
2025-08-21 09:10:59,467 - Knowledge - INFO - start ingest for /app/data/b2c/9453/b8355y4/meta-rdk-9453/conf/distro/include/license_flags_whitelist.inc
2025-08-21 09:10:59,480 - Knowledge - INFO - worker kw13 pull /app/data/b2c/9453/b8355y4/meta-rdk-9453/recipes-extended/webkitbrowser-plugin/include/webkitbrowser_memorylimits.uhd.inc from ingest queue
2025-08-21 09:10:59,480 - Knowledge - INFO - Thread kw13 - File webkitbrowser_memorylimits.uhd.inc - Remaining files in queue: 12
2025-08-21 09:10:59,480 - Knowledge - INFO - start ingest for /app/data/b2c/9453/b8355y4/meta-rdk-9453/recipes-extended/webkitbrowser-plugin/include/webkitbrowser_memorylimits.uhd.inc
2025-08-21 09:10:59,481 - Knowledge - INFO - worker kw14 pull /app/data/b2c/9453/b8355y4/meta-rdk-9453/conf/distro/include/license_flags_accepted.inc from ingest queue
2025-08-21 09:10:59,481 - Knowledge - INFO - Thread kw14 - File license_flags_accepted.inc - Remaining files in queue: 11
2025-08-21 09:10:59,482 - Knowledge - INFO - start ingest for /app/data/b2c/9453/b8355y4/meta-rdk-9453/conf/distro/include/license_flags_accepted.inc
2025-08-21 09:10:59,571 - Knowledge - INFO - Fast-track processing for simple file: /app/data/b2c/9453/b8355y4/meta-rdk-9453/recipes-extended/webkitbrowser-plugin/include/webkitbrowser_memorylimits.uhd.inc
2025-08-21 09:10:59,571 - Knowledge - INFO - done fast ingest for /app/data/b2c/9453/b8355y4/meta-rdk-9453/recipes-extended/webkitbrowser-plugin/include/webkitbrowser_memorylimits.uhd.inc
2025-08-21 09:10:59,673 - Knowledge - INFO - process ingested knowledge for /app/data/b2c/9453/b8355y4/meta-rdk-9453/recipes-extended/webkitbrowser-plugin/include/webkitbrowser_memorylimits.uhd.inc
2025-08-21 09:11:00,582 - Knowledge - INFO - Found code-base-name: https://github.com/kavia-common/meta-rdk-9453.git:kavia-master
2025-08-21 09:11:00,582 - Knowledge - INFO - Found code_base: <app.utils.kg_build.knowledge.KnowledgeCodeBase object at 0x7f1be85a43d0>
2025-08-21 09:11:00,582 - Knowledge - INFO - persist ingested knowledge for /app/data/b2c/9453/b8355y4/meta-rdk-9453/conf/distro/include/libsoup3.inc
2025-08-21 09:11:00,596 - Knowledge - INFO - Found code-base-name: https://github.com/kavia-common/meta-rdk-9453.git:kavia-master
2025-08-21 09:11:00,597 - Knowledge - INFO - Found code_base: <app.utils.kg_build.knowledge.KnowledgeCodeBase object at 0x7f1be85a43d0>
2025-08-21 09:11:00,597 - Knowledge - INFO - persist ingested knowledge for /app/data/b2c/9453/b8355y4/meta-rdk-9453/conf/distro/include/rdk_backtrace_log.inc
2025-08-21 09:11:00,599 - Knowledge - INFO - worker kw17 pull /app/data/b2c/9453/b8355y4/meta-rdk-9453/recipes-support/network-zero-conf/files/default-time-setter.sh from ingest queue
2025-08-21 09:11:00,600 - Knowledge - INFO - Thread kw17 - File default-time-setter.sh - Remaining files in queue: 10
2025-08-21 09:11:00,600 - Knowledge - INFO - start ingest for /app/data/b2c/9453/b8355y4/meta-rdk-9453/recipes-support/network-zero-conf/files/default-time-setter.sh
2025-08-21 09:11:00,601 - Knowledge - INFO - Found code-base-name: https://github.com/kavia-common/meta-rdk-9453.git:kavia-master
2025-08-21 09:11:00,601 - Knowledge - INFO - Found code_base: <app.utils.kg_build.knowledge.KnowledgeCodeBase object at 0x7f1be85a43d0>
2025-08-21 09:11:00,601 - Knowledge - INFO - persist ingested knowledge for /app/data/b2c/9453/b8355y4/meta-rdk-9453/conf/distro/include/rdkvemu.inc
2025-08-21 09:11:00,601 - Knowledge - INFO - worker kw11 pull /app/data/b2c/9453/b8355y4/meta-rdk-9453/recipes-extended/webkitbrowser-plugin/include/webkitbrowser_properties.inc from ingest queue
2025-08-21 09:11:00,601 - Knowledge - INFO - Thread kw11 - File webkitbrowser_properties.inc - Remaining files in queue: 9
2025-08-21 09:11:00,602 - Knowledge - INFO - start ingest for /app/data/b2c/9453/b8355y4/meta-rdk-9453/recipes-extended/webkitbrowser-plugin/include/webkitbrowser_properties.inc
2025-08-21 09:11:00,666 - Knowledge - INFO - worker kw10 pull /app/data/b2c/9453/b8355y4/meta-rdk-9453/recipes-support/network-zero-conf/files/board_access.sh from ingest queue
2025-08-21 09:11:00,666 - Knowledge - INFO - Thread kw10 - File board_access.sh - Remaining files in queue: 8
2025-08-21 09:11:00,666 - Knowledge - INFO - start ingest for /app/data/b2c/9453/b8355y4/meta-rdk-9453/recipes-support/network-zero-conf/files/board_access.sh
2025-08-21 09:11:00,669 - Knowledge - INFO - Fast-track processing for simple file: /app/data/b2c/9453/b8355y4/meta-rdk-9453/recipes-support/network-zero-conf/files/default-time-setter.sh
2025-08-21 09:11:00,669 - Knowledge - INFO - done fast ingest for /app/data/b2c/9453/b8355y4/meta-rdk-9453/recipes-support/network-zero-conf/files/default-time-setter.sh
2025-08-21 09:11:00,669 - Knowledge - INFO - process ingested knowledge for /app/data/b2c/9453/b8355y4/meta-rdk-9453/recipes-support/network-zero-conf/files/default-time-setter.sh
2025-08-21 09:11:01,206 - Knowledge - INFO - worker kw12 pull /app/data/b2c/9453/b8355y4/meta-rdk-9453/recipes-extended/webkitbrowser-plugin/include/webkitbrowser_memorylimits.default.inc from ingest queue
2025-08-21 09:11:01,206 - Knowledge - INFO - Thread kw12 - File webkitbrowser_memorylimits.default.inc - Remaining files in queue: 7
2025-08-21 09:11:01,206 - Knowledge - INFO - start ingest for /app/data/b2c/9453/b8355y4/meta-rdk-9453/recipes-extended/webkitbrowser-plugin/include/webkitbrowser_memorylimits.default.inc
2025-08-21 09:11:01,263 - Knowledge - INFO - Fast-track processing for simple file: /app/data/b2c/9453/b8355y4/meta-rdk-9453/recipes-extended/webkitbrowser-plugin/include/webkitbrowser_memorylimits.default.inc
2025-08-21 09:11:01,263 - Knowledge - INFO - done fast ingest for /app/data/b2c/9453/b8355y4/meta-rdk-9453/recipes-extended/webkitbrowser-plugin/include/webkitbrowser_memorylimits.default.inc
2025-08-21 09:11:01,264 - Knowledge - INFO - process ingested knowledge for /app/data/b2c/9453/b8355y4/meta-rdk-9453/recipes-extended/webkitbrowser-plugin/include/webkitbrowser_memorylimits.default.inc
2025-08-21 09:11:02,392 - Knowledge - INFO - Found code-base-name: https://github.com/kavia-common/meta-rdk-9453.git:kavia-master
2025-08-21 09:11:02,393 - Knowledge - INFO - Found code_base: <app.utils.kg_build.knowledge.KnowledgeCodeBase object at 0x7f1be85a43d0>
2025-08-21 09:11:02,393 - Knowledge - INFO - persist ingested knowledge for /app/data/b2c/9453/b8355y4/meta-rdk-9453/recipes-support/network-zero-conf/files/default-time-setter.sh
2025-08-21 09:11:02,471 - Knowledge - INFO - worker kw1 pull /app/data/b2c/9453/b8355y4/meta-rdk-9453/rename_srcrev.sh from ingest queue
2025-08-21 09:11:02,471 - Knowledge - INFO - Thread kw1 - File rename_srcrev.sh - Remaining files in queue: 6
2025-08-21 09:11:02,471 - Knowledge - INFO - start ingest for /app/data/b2c/9453/b8355y4/meta-rdk-9453/rename_srcrev.sh
2025-08-21 09:11:02,478 - Knowledge - INFO - Found code-base-name: https://github.com/kavia-common/meta-rdk-9453.git:kavia-master
2025-08-21 09:11:02,478 - Knowledge - INFO - Found code_base: <app.utils.kg_build.knowledge.KnowledgeCodeBase object at 0x7f1be85a43d0>
2025-08-21 09:11:02,478 - Knowledge - INFO - persist ingested knowledge for /app/data/b2c/9453/b8355y4/meta-rdk-9453/recipes-extended/webkitbrowser-plugin/include/webkitbrowser_memorylimits.default.inc
2025-08-21 09:11:04,571 - Knowledge - INFO - worker kw16 pull /app/data/b2c/9453/b8355y4/meta-rdk-9453/recipes-benchmark/stress-ng/files/rdk_oss_uploadSTBLogs.sh from ingest queue
2025-08-21 09:11:04,571 - Knowledge - INFO - Thread kw16 - File rdk_oss_uploadSTBLogs.sh - Remaining files in queue: 5
2025-08-21 09:11:04,572 - Knowledge - INFO - start ingest for /app/data/b2c/9453/b8355y4/meta-rdk-9453/recipes-benchmark/stress-ng/files/rdk_oss_uploadSTBLogs.sh
2025-08-21 09:11:04,580 - Knowledge - INFO - Found code-base-name: https://github.com/kavia-common/meta-rdk-9453.git:kavia-master
2025-08-21 09:11:04,581 - Knowledge - INFO - Found code_base: <app.utils.kg_build.knowledge.KnowledgeCodeBase object at 0x7f1be85a43d0>
2025-08-21 09:11:04,581 - Knowledge - INFO - persist ingested knowledge for /app/data/b2c/9453/b8355y4/meta-rdk-9453/recipes-extended/webkitbrowser-plugin/include/webkitbrowser_memorylimits.uhd.inc
2025-08-21 09:11:04,582 - Knowledge - INFO - worker kw12 pull /app/data/b2c/9453/b8355y4/meta-rdk-9453/recipes-benchmark/stress-ng/files/stress-ng-tests.sh from ingest queue
2025-08-21 09:11:04,582 - Knowledge - INFO - Thread kw12 - File stress-ng-tests.sh - Remaining files in queue: 4
2025-08-21 09:11:04,582 - Knowledge - INFO - start ingest for /app/data/b2c/9453/b8355y4/meta-rdk-9453/recipes-benchmark/stress-ng/files/stress-ng-tests.sh
2025-08-21 09:11:04,590 - Knowledge - INFO - worker kw17 pull /app/data/b2c/9453/b8355y4/meta-rdk-9453/recipes-benchmark/stress-ng/files/capture-proc-metrics.sh from ingest queue
2025-08-21 09:11:04,591 - Knowledge - INFO - Thread kw17 - File capture-proc-metrics.sh - Remaining files in queue: 3
2025-08-21 09:11:04,591 - Knowledge - INFO - start ingest for /app/data/b2c/9453/b8355y4/meta-rdk-9453/recipes-benchmark/stress-ng/files/capture-proc-metrics.sh
2025-08-21 09:11:04,664 - Knowledge - INFO - worker kw20 pull /app/data/b2c/9453/b8355y4/meta-rdk-9453/recipes-benchmark/stress-ng/files/openssl-ptest-perf_stats.sh from ingest queue
2025-08-21 09:11:04,665 - Knowledge - INFO - Thread kw20 - File openssl-ptest-perf_stats.sh - Remaining files in queue: 2
2025-08-21 09:11:04,666 - Knowledge - INFO - start ingest for /app/data/b2c/9453/b8355y4/meta-rdk-9453/recipes-benchmark/stress-ng/files/openssl-ptest-perf_stats.sh
2025-08-21 09:11:05,591 - Knowledge - INFO - worker kw13 pull /app/data/b2c/9453/b8355y4/meta-rdk-9453/recipes-benchmark/stress-ng/files/openssl-ptest-stress.sh from ingest queue
2025-08-21 09:11:05,591 - Knowledge - INFO - Thread kw13 - File openssl-ptest-stress.sh - Remaining files in queue: 1
2025-08-21 09:11:05,592 - Knowledge - INFO - start ingest for /app/data/b2c/9453/b8355y4/meta-rdk-9453/recipes-benchmark/stress-ng/files/openssl-ptest-stress.sh
2025-08-21 09:11:06,789 - Knowledge - INFO - done ingest for /app/data/b2c/9453/b8355y4/meta-rdk-9453/conf/distro/include/rdk-versions.inc
2025-08-21 09:11:06,884 - Knowledge - INFO - process ingested knowledge for /app/data/b2c/9453/b8355y4/meta-rdk-9453/conf/distro/include/rdk-versions.inc
2025-08-21 09:11:06,885 - Knowledge - INFO - Found code-base-name: https://github.com/kavia-common/meta-rdk-9453.git:kavia-master
2025-08-21 09:11:06,885 - Knowledge - INFO - Found code_base: <app.utils.kg_build.knowledge.KnowledgeCodeBase object at 0x7f1be85a43d0>
2025-08-21 09:11:06,885 - Knowledge - INFO - persist ingested knowledge for /app/data/b2c/9453/b8355y4/meta-rdk-9453/conf/distro/include/rdk-versions.inc
2025-08-21 09:11:07,481 - Knowledge - INFO - worker kw21 pull /app/data/b2c/9453/b8355y4/meta-rdk-9453/CONTRIBUTING.md from ingest queue
2025-08-21 09:11:07,481 - Knowledge - INFO - Thread kw21 - File CONTRIBUTING.md - Remaining files in queue: 0
2025-08-21 09:11:07,481 - Knowledge - INFO - start ingest for /app/data/b2c/9453/b8355y4/meta-rdk-9453/CONTRIBUTING.md
2025-08-21 09:11:07,564 - Knowledge - INFO - Fast-track processing for simple file: /app/data/b2c/9453/b8355y4/meta-rdk-9453/CONTRIBUTING.md
2025-08-21 09:11:07,564 - Knowledge - INFO - done fast ingest for /app/data/b2c/9453/b8355y4/meta-rdk-9453/CONTRIBUTING.md
2025-08-21 09:11:07,564 - Knowledge - INFO - process ingested knowledge for /app/data/b2c/9453/b8355y4/meta-rdk-9453/CONTRIBUTING.md
2025-08-21 09:11:07,565 - Knowledge - INFO - Found code-base-name: https://github.com/kavia-common/meta-rdk-9453.git:kavia-master
2025-08-21 09:11:07,565 - Knowledge - INFO - Found code_base: <app.utils.kg_build.knowledge.KnowledgeCodeBase object at 0x7f1be85a43d0>
2025-08-21 09:11:07,565 - Knowledge - INFO - persist ingested knowledge for /app/data/b2c/9453/b8355y4/meta-rdk-9453/CONTRIBUTING.md
2025-08-21 09:11:11,103 - Knowledge - INFO - done ingest for /app/data/b2c/9453/b8355y4/meta-rdk-9453/conf/distro/include/rdkc.inc
2025-08-21 09:11:11,103 - Knowledge - INFO - process ingested knowledge for /app/data/b2c/9453/b8355y4/meta-rdk-9453/conf/distro/include/rdkc.inc
2025-08-21 09:11:11,104 - Knowledge - INFO - Found code-base-name: https://github.com/kavia-common/meta-rdk-9453.git:kavia-master
2025-08-21 09:11:11,104 - Knowledge - INFO - Found code_base: <app.utils.kg_build.knowledge.KnowledgeCodeBase object at 0x7f1be85a43d0>
2025-08-21 09:11:11,104 - Knowledge - INFO - persist ingested knowledge for /app/data/b2c/9453/b8355y4/meta-rdk-9453/conf/distro/include/rdkc.inc
2025-08-21 09:11:11,799 - Knowledge - INFO - done ingest for /app/data/b2c/9453/b8355y4/meta-rdk-9453/recipes-core/images/rdk-generic-media-common.inc
2025-08-21 09:11:11,800 - Knowledge - INFO - process ingested knowledge for /app/data/b2c/9453/b8355y4/meta-rdk-9453/recipes-core/images/rdk-generic-media-common.inc
2025-08-21 09:11:11,803 - Knowledge - INFO - Found code-base-name: https://github.com/kavia-common/meta-rdk-9453.git:kavia-master
2025-08-21 09:11:11,803 - Knowledge - INFO - Found code_base: <app.utils.kg_build.knowledge.KnowledgeCodeBase object at 0x7f1be85a43d0>
2025-08-21 09:11:11,803 - Knowledge - INFO - persist ingested knowledge for /app/data/b2c/9453/b8355y4/meta-rdk-9453/recipes-core/images/rdk-generic-media-common.inc
2025-08-21 09:11:17,185 - Knowledge - INFO - done ingest for /app/data/b2c/9453/b8355y4/meta-rdk-9453/recipes-extended/webkitbrowser-plugin/files/clearWebkitBrowserCache.sh
2025-08-21 09:11:17,185 - Knowledge - INFO - process ingested knowledge for /app/data/b2c/9453/b8355y4/meta-rdk-9453/recipes-extended/webkitbrowser-plugin/files/clearWebkitBrowserCache.sh
2025-08-21 09:11:17,266 - Knowledge - INFO - Found code-base-name: https://github.com/kavia-common/meta-rdk-9453.git:kavia-master
2025-08-21 09:11:17,267 - Knowledge - INFO - Found code_base: <app.utils.kg_build.knowledge.KnowledgeCodeBase object at 0x7f1be85a43d0>
2025-08-21 09:11:17,267 - Knowledge - INFO - persist ingested knowledge for /app/data/b2c/9453/b8355y4/meta-rdk-9453/recipes-extended/webkitbrowser-plugin/files/clearWebkitBrowserCache.sh
2025-08-21 09:11:18,777 - Knowledge - INFO - done ingest for /app/data/b2c/9453/b8355y4/meta-rdk-9453/conf/distro/include/license_flags_whitelist.inc
2025-08-21 09:11:18,777 - Knowledge - INFO - process ingested knowledge for /app/data/b2c/9453/b8355y4/meta-rdk-9453/conf/distro/include/license_flags_whitelist.inc
2025-08-21 09:11:18,896 - Knowledge - INFO - Found code-base-name: https://github.com/kavia-common/meta-rdk-9453.git:kavia-master
2025-08-21 09:11:18,896 - Knowledge - INFO - Found code_base: <app.utils.kg_build.knowledge.KnowledgeCodeBase object at 0x7f1be85a43d0>
2025-08-21 09:11:18,896 - Knowledge - INFO - persist ingested knowledge for /app/data/b2c/9453/b8355y4/meta-rdk-9453/conf/distro/include/license_flags_whitelist.inc
2025-08-21 09:11:20,492 - Knowledge - INFO - done ingest for /app/data/b2c/9453/b8355y4/meta-rdk-9453/conf/distro/include/rdkb_backtrace_log.inc
2025-08-21 09:11:20,492 - Knowledge - INFO - process ingested knowledge for /app/data/b2c/9453/b8355y4/meta-rdk-9453/conf/distro/include/rdkb_backtrace_log.inc
2025-08-21 09:11:20,605 - Knowledge - INFO - Found code-base-name: https://github.com/kavia-common/meta-rdk-9453.git:kavia-master
2025-08-21 09:11:20,605 - Knowledge - INFO - Found code_base: <app.utils.kg_build.knowledge.KnowledgeCodeBase object at 0x7f1be85a43d0>
2025-08-21 09:11:20,606 - Knowledge - INFO - persist ingested knowledge for /app/data/b2c/9453/b8355y4/meta-rdk-9453/conf/distro/include/rdkb_backtrace_log.inc
2025-08-21 09:11:21,786 - Knowledge - INFO - done ingest for /app/data/b2c/9453/b8355y4/meta-rdk-9453/conf/distro/include/license_flags_accepted.inc
2025-08-21 09:11:21,786 - Knowledge - INFO - process ingested knowledge for /app/data/b2c/9453/b8355y4/meta-rdk-9453/conf/distro/include/license_flags_accepted.inc
2025-08-21 09:11:21,805 - Knowledge - INFO - Found code-base-name: https://github.com/kavia-common/meta-rdk-9453.git:kavia-master
2025-08-21 09:11:21,805 - Knowledge - INFO - Found code_base: <app.utils.kg_build.knowledge.KnowledgeCodeBase object at 0x7f1be85a43d0>
2025-08-21 09:11:21,805 - Knowledge - INFO - persist ingested knowledge for /app/data/b2c/9453/b8355y4/meta-rdk-9453/conf/distro/include/license_flags_accepted.inc
2025-08-21 09:11:22,883 - Knowledge - INFO - done ingest for /app/data/b2c/9453/b8355y4/meta-rdk-9453/conf/distro/include/rdkb.inc
2025-08-21 09:11:22,888 - Knowledge - INFO - process ingested knowledge for /app/data/b2c/9453/b8355y4/meta-rdk-9453/conf/distro/include/rdkb.inc
2025-08-21 09:11:22,983 - Knowledge - INFO - Found code-base-name: https://github.com/kavia-common/meta-rdk-9453.git:kavia-master
2025-08-21 09:11:22,983 - Knowledge - INFO - Found code_base: <app.utils.kg_build.knowledge.KnowledgeCodeBase object at 0x7f1be85a43d0>
2025-08-21 09:11:22,984 - Knowledge - INFO - persist ingested knowledge for /app/data/b2c/9453/b8355y4/meta-rdk-9453/conf/distro/include/rdkb.inc
2025-08-21 09:11:25,168 - Knowledge - INFO - persist search terms embedding for conf/distro/include/rdkb.inc
2025-08-21 09:11:33,179 - Knowledge - INFO - done ingest for /app/data/b2c/9453/b8355y4/meta-rdk-9453/recipes-common/debug-tools/files/debug-tools_download.sh
2025-08-21 09:11:33,179 - Knowledge - INFO - process ingested knowledge for /app/data/b2c/9453/b8355y4/meta-rdk-9453/recipes-common/debug-tools/files/debug-tools_download.sh
2025-08-21 09:11:33,283 - Knowledge - INFO - Found code-base-name: https://github.com/kavia-common/meta-rdk-9453.git:kavia-master
2025-08-21 09:11:33,284 - Knowledge - INFO - Found code_base: <app.utils.kg_build.knowledge.KnowledgeCodeBase object at 0x7f1be85a43d0>
2025-08-21 09:11:33,284 - Knowledge - INFO - persist ingested knowledge for /app/data/b2c/9453/b8355y4/meta-rdk-9453/recipes-common/debug-tools/files/debug-tools_download.sh
2025-08-21 09:11:34,680 - Knowledge - INFO - persist search terms embedding for recipes-common/debug-tools/files/debug-tools_download.sh
2025-08-21 09:11:52,282 - Knowledge - INFO - done ingest for /app/data/b2c/9453/b8355y4/meta-rdk-9453/recipes-support/network-zero-conf/files/board_access.sh
2025-08-21 09:11:52,282 - Knowledge - INFO - process ingested knowledge for /app/data/b2c/9453/b8355y4/meta-rdk-9453/recipes-support/network-zero-conf/files/board_access.sh
2025-08-21 09:11:52,379 - Knowledge - INFO - Found code-base-name: https://github.com/kavia-common/meta-rdk-9453.git:kavia-master
2025-08-21 09:11:52,379 - Knowledge - INFO - Found code_base: <app.utils.kg_build.knowledge.KnowledgeCodeBase object at 0x7f1be85a43d0>
2025-08-21 09:11:52,379 - Knowledge - INFO - persist ingested knowledge for /app/data/b2c/9453/b8355y4/meta-rdk-9453/recipes-support/network-zero-conf/files/board_access.sh
2025-08-21 09:11:53,767 - Knowledge - INFO - persist search terms embedding for recipes-support/network-zero-conf/files/board_access.sh
2025-08-21 09:11:55,202 - Knowledge - INFO - done ingest for /app/data/b2c/9453/b8355y4/meta-rdk-9453/recipes-test/leakcheck-msg/files/utility.c
2025-08-21 09:11:55,495 - Knowledge - INFO - process ingested knowledge for /app/data/b2c/9453/b8355y4/meta-rdk-9453/recipes-test/leakcheck-msg/files/utility.c
2025-08-21 09:11:55,664 - Knowledge - INFO - Found code-base-name: https://github.com/kavia-common/meta-rdk-9453.git:kavia-master
2025-08-21 09:11:55,664 - Knowledge - INFO - Found code_base: <app.utils.kg_build.knowledge.KnowledgeCodeBase object at 0x7f1be85a43d0>
2025-08-21 09:11:55,664 - Knowledge - INFO - persist ingested knowledge for /app/data/b2c/9453/b8355y4/meta-rdk-9453/recipes-test/leakcheck-msg/files/utility.c
2025-08-21 09:11:56,695 - Knowledge - INFO - done ingest for /app/data/b2c/9453/b8355y4/meta-rdk-9453/recipes-core/images/sdk-common.inc
2025-08-21 09:11:56,695 - Knowledge - INFO - process ingested knowledge for /app/data/b2c/9453/b8355y4/meta-rdk-9453/recipes-core/images/sdk-common.inc
2025-08-21 09:11:56,709 - Knowledge - INFO - persist search terms embedding for recipes-test/leakcheck-msg/files/utility.c
2025-08-21 09:11:57,195 - Knowledge - INFO - Found code-base-name: https://github.com/kavia-common/meta-rdk-9453.git:kavia-master
2025-08-21 09:11:57,196 - Knowledge - INFO - Found code_base: <app.utils.kg_build.knowledge.KnowledgeCodeBase object at 0x7f1be85a43d0>
2025-08-21 09:11:57,196 - Knowledge - INFO - persist ingested knowledge for /app/data/b2c/9453/b8355y4/meta-rdk-9453/recipes-core/images/sdk-common.inc
2025-08-21 09:11:58,679 - Knowledge - INFO - persist search terms embedding for recipes-core/images/sdk-common.inc
2025-08-21 09:11:59,597 - Knowledge - INFO - done ingest for /app/data/b2c/9453/b8355y4/meta-rdk-9453/recipes-benchmark/stress-ng/files/openssl-ptest-perf_stats.sh
2025-08-21 09:11:59,599 - Knowledge - INFO - process ingested knowledge for /app/data/b2c/9453/b8355y4/meta-rdk-9453/recipes-benchmark/stress-ng/files/openssl-ptest-perf_stats.sh
2025-08-21 09:11:59,780 - Knowledge - INFO - Found code-base-name: https://github.com/kavia-common/meta-rdk-9453.git:kavia-master
2025-08-21 09:11:59,781 - Knowledge - INFO - Found code_base: <app.utils.kg_build.knowledge.KnowledgeCodeBase object at 0x7f1be85a43d0>
2025-08-21 09:11:59,781 - Knowledge - INFO - persist ingested knowledge for /app/data/b2c/9453/b8355y4/meta-rdk-9453/recipes-benchmark/stress-ng/files/openssl-ptest-perf_stats.sh
2025-08-21 09:12:00,994 - Knowledge - INFO - persist search terms embedding for recipes-benchmark/stress-ng/files/openssl-ptest-perf_stats.sh
2025-08-21 09:12:03,574 - Knowledge - INFO - done ingest for /app/data/b2c/9453/b8355y4/meta-rdk-9453/conf/distro/include/rdkv.inc
2025-08-21 09:12:03,574 - Knowledge - INFO - process ingested knowledge for /app/data/b2c/9453/b8355y4/meta-rdk-9453/conf/distro/include/rdkv.inc
2025-08-21 09:12:03,884 - Knowledge - INFO - Found code-base-name: https://github.com/kavia-common/meta-rdk-9453.git:kavia-master
2025-08-21 09:12:03,884 - Knowledge - INFO - Found code_base: <app.utils.kg_build.knowledge.KnowledgeCodeBase object at 0x7f1be85a43d0>
2025-08-21 09:12:03,884 - Knowledge - INFO - persist ingested knowledge for /app/data/b2c/9453/b8355y4/meta-rdk-9453/conf/distro/include/rdkv.inc
2025-08-21 09:12:05,686 - Knowledge - INFO - persist search terms embedding for conf/distro/include/rdkv.inc
2025-08-21 09:12:06,296 - Knowledge - INFO - done ingest for /app/data/b2c/9453/b8355y4/meta-rdk-9453/recipes-common/gtest-apps/gtest-apps/gtest_apps_download.sh
2025-08-21 09:12:06,297 - Knowledge - INFO - process ingested knowledge for /app/data/b2c/9453/b8355y4/meta-rdk-9453/recipes-common/gtest-apps/gtest-apps/gtest_apps_download.sh
2025-08-21 09:12:06,475 - Knowledge - INFO - Found code-base-name: https://github.com/kavia-common/meta-rdk-9453.git:kavia-master
2025-08-21 09:12:06,475 - Knowledge - INFO - Found code_base: <app.utils.kg_build.knowledge.KnowledgeCodeBase object at 0x7f1be85a43d0>
2025-08-21 09:12:06,475 - Knowledge - INFO - persist ingested knowledge for /app/data/b2c/9453/b8355y4/meta-rdk-9453/recipes-common/gtest-apps/gtest-apps/gtest_apps_download.sh
2025-08-21 09:12:07,964 - Knowledge - INFO - persist search terms embedding for recipes-common/gtest-apps/gtest-apps/gtest_apps_download.sh
2025-08-21 09:12:10,191 - Knowledge - INFO - done ingest for /app/data/b2c/9453/b8355y4/meta-rdk-9453/recipes-core/images/rdk-esdk-override.inc
2025-08-21 09:12:10,191 - Knowledge - INFO - process ingested knowledge for /app/data/b2c/9453/b8355y4/meta-rdk-9453/recipes-core/images/rdk-esdk-override.inc
2025-08-21 09:12:10,485 - Knowledge - INFO - Found code-base-name: https://github.com/kavia-common/meta-rdk-9453.git:kavia-master
2025-08-21 09:12:10,486 - Knowledge - INFO - Found code_base: <app.utils.kg_build.knowledge.KnowledgeCodeBase object at 0x7f1be85a43d0>
2025-08-21 09:12:10,486 - Knowledge - INFO - persist ingested knowledge for /app/data/b2c/9453/b8355y4/meta-rdk-9453/recipes-core/images/rdk-esdk-override.inc
2025-08-21 09:12:12,784 - Knowledge - INFO - persist search terms embedding for recipes-core/images/rdk-esdk-override.inc
2025-08-21 09:12:13,196 - Knowledge - INFO - done ingest for /app/data/b2c/9453/b8355y4/meta-rdk-9453/rename_srcrev.sh
2025-08-21 09:12:13,197 - Knowledge - INFO - process ingested knowledge for /app/data/b2c/9453/b8355y4/meta-rdk-9453/rename_srcrev.sh
2025-08-21 09:12:13,397 - Knowledge - INFO - Found code-base-name: https://github.com/kavia-common/meta-rdk-9453.git:kavia-master
2025-08-21 09:12:13,397 - Knowledge - INFO - Found code_base: <app.utils.kg_build.knowledge.KnowledgeCodeBase object at 0x7f1be85a43d0>
2025-08-21 09:12:13,397 - Knowledge - INFO - persist ingested knowledge for /app/data/b2c/9453/b8355y4/meta-rdk-9453/rename_srcrev.sh
2025-08-21 09:12:14,892 - Knowledge - INFO - persist search terms embedding for rename_srcrev.sh
2025-08-21 09:12:14,969 - Knowledge - INFO - done ingest for /app/data/b2c/9453/b8355y4/meta-rdk-9453/recipes-benchmark/stress-ng/files/rdk_oss_uploadSTBLogs.sh
2025-08-21 09:12:14,969 - Knowledge - INFO - process ingested knowledge for /app/data/b2c/9453/b8355y4/meta-rdk-9453/recipes-benchmark/stress-ng/files/rdk_oss_uploadSTBLogs.sh
2025-08-21 09:12:14,992 - Knowledge - INFO - done ingest for /app/data/b2c/9453/b8355y4/meta-rdk-9453/recipes-test/leakcheck-msg/files/msgq_receive.c
2025-08-21 09:12:15,108 - Knowledge - INFO - process ingested knowledge for /app/data/b2c/9453/b8355y4/meta-rdk-9453/recipes-test/leakcheck-msg/files/msgq_receive.c
2025-08-21 09:12:15,181 - Knowledge - INFO - Found code-base-name: https://github.com/kavia-common/meta-rdk-9453.git:kavia-master
2025-08-21 09:12:15,181 - Knowledge - INFO - Found code_base: <app.utils.kg_build.knowledge.KnowledgeCodeBase object at 0x7f1be85a43d0>
2025-08-21 09:12:15,181 - Knowledge - INFO - persist ingested knowledge for /app/data/b2c/9453/b8355y4/meta-rdk-9453/recipes-test/leakcheck-msg/files/msgq_receive.c
2025-08-21 09:12:15,480 - Knowledge - INFO - Found code-base-name: https://github.com/kavia-common/meta-rdk-9453.git:kavia-master
2025-08-21 09:12:15,480 - Knowledge - INFO - Found code_base: <app.utils.kg_build.knowledge.KnowledgeCodeBase object at 0x7f1be85a43d0>
2025-08-21 09:12:15,480 - Knowledge - INFO - persist ingested knowledge for /app/data/b2c/9453/b8355y4/meta-rdk-9453/recipes-benchmark/stress-ng/files/rdk_oss_uploadSTBLogs.sh
2025-08-21 09:12:16,689 - Knowledge - INFO - persist search terms embedding for recipes-test/leakcheck-msg/files/msgq_receive.c
2025-08-21 09:12:17,775 - Knowledge - INFO - persist search terms embedding for recipes-benchmark/stress-ng/files/rdk_oss_uploadSTBLogs.sh
2025-08-21 09:12:20,675 - Knowledge - INFO - done ingest for /app/data/b2c/9453/b8355y4/meta-rdk-9453/recipes-common/safec-common-wrapper/files/safec_lib.h
2025-08-21 09:12:20,871 - Knowledge - INFO - process ingested knowledge for /app/data/b2c/9453/b8355y4/meta-rdk-9453/recipes-common/safec-common-wrapper/files/safec_lib.h
2025-08-21 09:12:21,288 - Knowledge - INFO - Found code-base-name: https://github.com/kavia-common/meta-rdk-9453.git:kavia-master
2025-08-21 09:12:21,288 - Knowledge - INFO - Found code_base: <app.utils.kg_build.knowledge.KnowledgeCodeBase object at 0x7f1be85a43d0>
2025-08-21 09:12:21,289 - Knowledge - INFO - persist ingested knowledge for /app/data/b2c/9453/b8355y4/meta-rdk-9453/recipes-common/safec-common-wrapper/files/safec_lib.h
2025-08-21 09:12:22,693 - Knowledge - INFO - persist search terms embedding for recipes-common/safec-common-wrapper/files/safec_lib.h
2025-08-21 09:12:28,467 - Knowledge - INFO - done ingest for /app/data/b2c/9453/b8355y4/meta-rdk-9453/recipes-benchmark/stress-ng/files/capture-proc-metrics.sh
2025-08-21 09:12:28,468 - Knowledge - INFO - process ingested knowledge for /app/data/b2c/9453/b8355y4/meta-rdk-9453/recipes-benchmark/stress-ng/files/capture-proc-metrics.sh
2025-08-21 09:12:28,796 - Knowledge - INFO - Found code-base-name: https://github.com/kavia-common/meta-rdk-9453.git:kavia-master
2025-08-21 09:12:28,796 - Knowledge - INFO - Found code_base: <app.utils.kg_build.knowledge.KnowledgeCodeBase object at 0x7f1be85a43d0>
2025-08-21 09:12:28,796 - Knowledge - INFO - persist ingested knowledge for /app/data/b2c/9453/b8355y4/meta-rdk-9453/recipes-benchmark/stress-ng/files/capture-proc-metrics.sh
2025-08-21 09:12:30,466 - Knowledge - INFO - persist search terms embedding for recipes-benchmark/stress-ng/files/capture-proc-metrics.sh
2025-08-21 09:12:31,594 - Knowledge - INFO - done ingest for /app/data/b2c/9453/b8355y4/meta-rdk-9453/recipes-extended/webkitbrowser-plugin/include/webkitbrowser_properties.inc
2025-08-21 09:12:31,594 - Knowledge - INFO - process ingested knowledge for /app/data/b2c/9453/b8355y4/meta-rdk-9453/recipes-extended/webkitbrowser-plugin/include/webkitbrowser_properties.inc
2025-08-21 09:12:32,004 - Knowledge - INFO - Found code-base-name: https://github.com/kavia-common/meta-rdk-9453.git:kavia-master
2025-08-21 09:12:32,004 - Knowledge - INFO - Found code_base: <app.utils.kg_build.knowledge.KnowledgeCodeBase object at 0x7f1be85a43d0>
2025-08-21 09:12:32,004 - Knowledge - INFO - persist ingested knowledge for /app/data/b2c/9453/b8355y4/meta-rdk-9453/recipes-extended/webkitbrowser-plugin/include/webkitbrowser_properties.inc
2025-08-21 09:12:33,081 - Knowledge - INFO - persist search terms embedding for recipes-extended/webkitbrowser-plugin/include/webkitbrowser_properties.inc
2025-08-21 09:12:45,166 - Knowledge - INFO - done ingest for /app/data/b2c/9453/b8355y4/meta-rdk-9453/recipes-benchmark/stress-ng/files/stress-ng-tests.sh
2025-08-21 09:12:45,166 - Knowledge - INFO - process ingested knowledge for /app/data/b2c/9453/b8355y4/meta-rdk-9453/recipes-benchmark/stress-ng/files/stress-ng-tests.sh
2025-08-21 09:12:46,582 - Knowledge - INFO - Found code-base-name: https://github.com/kavia-common/meta-rdk-9453.git:kavia-master
2025-08-21 09:12:46,582 - Knowledge - INFO - Found code_base: <app.utils.kg_build.knowledge.KnowledgeCodeBase object at 0x7f1be85a43d0>
2025-08-21 09:12:46,582 - Knowledge - INFO - persist ingested knowledge for /app/data/b2c/9453/b8355y4/meta-rdk-9453/recipes-benchmark/stress-ng/files/stress-ng-tests.sh
2025-08-21 09:12:48,705 - Knowledge - INFO - persist search terms embedding for recipes-benchmark/stress-ng/files/stress-ng-tests.sh
2025-08-21 09:12:49,266 - Knowledge - INFO - done ingest for /app/data/b2c/9453/b8355y4/meta-rdk-9453/conf/distro/include/rdk_security_flags.inc
2025-08-21 09:12:49,267 - Knowledge - INFO - process ingested knowledge for /app/data/b2c/9453/b8355y4/meta-rdk-9453/conf/distro/include/rdk_security_flags.inc
2025-08-21 09:12:49,366 - Knowledge - INFO - Found code-base-name: https://github.com/kavia-common/meta-rdk-9453.git:kavia-master
2025-08-21 09:12:49,366 - Knowledge - INFO - Found code_base: <app.utils.kg_build.knowledge.KnowledgeCodeBase object at 0x7f1be85a43d0>
2025-08-21 09:12:49,366 - Knowledge - INFO - persist ingested knowledge for /app/data/b2c/9453/b8355y4/meta-rdk-9453/conf/distro/include/rdk_security_flags.inc
2025-08-21 09:12:50,869 - Knowledge - INFO - persist search terms embedding for conf/distro/include/rdk_security_flags.inc
2025-08-21 09:12:57,975 - Knowledge - INFO - done ingest for /app/data/b2c/9453/b8355y4/meta-rdk-9453/recipes-benchmark/stress-ng/files/openssl-ptest-stress.sh
2025-08-21 09:12:57,976 - Knowledge - INFO - process ingested knowledge for /app/data/b2c/9453/b8355y4/meta-rdk-9453/recipes-benchmark/stress-ng/files/openssl-ptest-stress.sh
2025-08-21 09:12:57,980 - Knowledge - INFO - Found code-base-name: https://github.com/kavia-common/meta-rdk-9453.git:kavia-master
2025-08-21 09:12:57,980 - Knowledge - INFO - Found code_base: <app.utils.kg_build.knowledge.KnowledgeCodeBase object at 0x7f1be85a43d0>
2025-08-21 09:12:57,980 - Knowledge - INFO - persist ingested knowledge for /app/data/b2c/9453/b8355y4/meta-rdk-9453/recipes-benchmark/stress-ng/files/openssl-ptest-stress.sh
2025-08-21 09:12:58,465 - Knowledge - INFO - persist search terms embedding for recipes-benchmark/stress-ng/files/openssl-ptest-stress.sh
2025-08-21 09:12:58,469 - Knowledge - INFO - Knowledge creation complete
2025-08-21 09:12:58,470 - Knowledge - INFO - Updating org costs, total cost: 0.017499199999999996
2025-08-21 09:12:58,774 - Knowledge - INFO - Saving knowledge to Redis...
2025-08-21 09:12:58,803 - Knowledge - INFO - Knowledge saved to Redis successfully
2025-08-21 09:48:41,513 - Knowledge - INFO - Redis support added with prefix knowledge:b8355y4:
2025-08-21 09:48:43,643 - Knowledge - INFO - load persisted knowledge: begin
2025-08-21 09:49:10,033 - Knowledge - INFO - Redis support added with prefix knowledge:b8355y4:
55y4/meta-rdk-9453/.knowledge have been renamed to use .json
2025-08-21 09:48:45,197 - Knowledge - INFO - Found code-base-name: https://github.com/kavia-common/meta-rdk-9453.git:kavia-master
2025-08-21 09:48:45,197 - Knowledge - INFO - Found code_base: <app.utils.kg_build.knowledge.KnowledgeCodeBase object at 0x7f133042b8d0>
2025-08-21 09:48:45,199 - Knowledge - INFO - process ingested knowledge for /app/data/b2c/9453/b8355y4/meta-rdk-9453/conf/distro/include/rdkc.inc
2025-08-21 09:48:45,210 - Knowledge - INFO - Found code-base-name: https://github.com/kavia-common/meta-rdk-9453.git:kavia-master
2025-08-21 09:48:45,210 - Knowledge - INFO - Found code_base: <app.utils.kg_build.knowledge.KnowledgeCodeBase object at 0x7f133042b8d0>
2025-08-21 09:48:45,213 - Knowledge - INFO - process ingested knowledge for /app/data/b2c/9453/b8355y4/meta-rdk-9453/conf/distro/include/rdk_security_flags.inc
2025-08-21 09:48:45,224 - Knowledge - INFO - Found code-base-name: https://github.com/kavia-common/meta-rdk-9453.git:kavia-master
2025-08-21 09:48:45,224 - Knowledge - INFO - Found code_base: <app.utils.kg_build.knowledge.KnowledgeCodeBase object at 0x7f133042b8d0>
2025-08-21 09:48:45,225 - Knowledge - INFO - process ingested knowledge for /app/data/b2c/9453/b8355y4/meta-rdk-9453/recipes-benchmark/stress-ng/files/stress-ng-tests.sh
2025-08-21 09:48:45,296 - Knowledge - INFO - Found code-base-name: https://github.com/kavia-common/meta-rdk-9453.git:kavia-master
2025-08-21 09:48:45,296 - Knowledge - INFO - Found code_base: <app.utils.kg_build.knowledge.KnowledgeCodeBase object at 0x7f133042b8d0>
2025-08-21 09:48:45,297 - Knowledge - INFO - process ingested knowledge for /app/data/b2c/9453/b8355y4/meta-rdk-9453/recipes-common/gtest-apps/gtest-apps/gtest_apps_download.sh
2025-08-21 09:48:45,311 - Knowledge - INFO - Found code-base-name: https://github.com/kavia-common/meta-rdk-9453.git:kavia-master
2025-08-21 09:48:45,311 - Knowledge - INFO - Found code_base: <app.utils.kg_build.knowledge.KnowledgeCodeBase object at 0x7f133042b8d0>
2025-08-21 09:48:45,313 - Knowledge - INFO - process ingested knowledge for /app/data/b2c/9453/b8355y4/meta-rdk-9453/conf/distro/include/qt5-versions.inc
2025-08-21 09:48:45,322 - Knowledge - INFO - Found code-base-name: https://github.com/kavia-common/meta-rdk-9453.git:kavia-master
2025-08-21 09:48:45,322 - Knowledge - INFO - Found code_base: <app.utils.kg_build.knowledge.KnowledgeCodeBase object at 0x7f133042b8d0>
2025-08-21 09:48:45,325 - Knowledge - INFO - process ingested knowledge for /app/data/b2c/9453/b8355y4/meta-rdk-9453/recipes-containers/dobby/dobby.inc
2025-08-21 09:48:45,336 - Knowledge - INFO - Found code-base-name: https://github.com/kavia-common/meta-rdk-9453.git:kavia-master
2025-08-21 09:48:45,337 - Knowledge - INFO - Found code_base: <app.utils.kg_build.knowledge.KnowledgeCodeBase object at 0x7f133042b8d0>
2025-08-21 09:48:45,339 - Knowledge - INFO - process ingested knowledge for /app/data/b2c/9453/b8355y4/meta-rdk-9453/conf/distro/include/gstreamer-versions.inc
2025-08-21 09:48:45,402 - Knowledge - INFO - Found code-base-name: https://github.com/kavia-common/meta-rdk-9453.git:kavia-master
2025-08-21 09:48:45,402 - Knowledge - INFO - Found code_base: <app.utils.kg_build.knowledge.KnowledgeCodeBase object at 0x7f133042b8d0>
2025-08-21 09:48:45,404 - Knowledge - INFO - process ingested knowledge for /app/data/b2c/9453/b8355y4/meta-rdk-9453/conf/distro/include/libsoup2.inc
2025-08-21 09:48:45,416 - Knowledge - INFO - Found code-base-name: https://github.com/kavia-common/meta-rdk-9453.git:kavia-master
2025-08-21 09:48:45,418 - Knowledge - INFO - Found code_base: <app.utils.kg_build.knowledge.KnowledgeCodeBase object at 0x7f133042b8d0>
2025-08-21 09:48:45,418 - Knowledge - INFO - process ingested knowledge for /app/data/b2c/9453/b8355y4/meta-rdk-9453/recipes-benchmark/stress-ng/files/openssl-ptest-stress.sh
2025-08-21 09:48:45,437 - Knowledge - INFO - Found code-base-name: https://github.com/kavia-common/meta-rdk-9453.git:kavia-master
2025-08-21 09:48:45,437 - Knowledge - INFO - Found code_base: <app.utils.kg_build.knowledge.KnowledgeCodeBase object at 0x7f133042b8d0>
2025-08-21 09:48:45,439 - Knowledge - INFO - process ingested knowledge for /app/data/b2c/9453/b8355y4/meta-rdk-9453/conf/distro/include/rdk-esdk-conf.inc
2025-08-21 09:48:45,453 - Knowledge - INFO - Found code-base-name: https://github.com/kavia-common/meta-rdk-9453.git:kavia-master
2025-08-21 09:48:45,453 - Knowledge - INFO - Found code_base: <app.utils.kg_build.knowledge.KnowledgeCodeBase object at 0x7f133042b8d0>
2025-08-21 09:48:45,453 - Knowledge - INFO - process ingested knowledge for /app/data/b2c/9453/b8355y4/meta-rdk-9453/recipes-extended/webkitbrowser-plugin/include/webkitbrowser_memorylimits.fhd.inc
2025-08-21 09:48:45,504 - Knowledge - INFO - Found code-base-name: https://github.com/kavia-common/meta-rdk-9453.git:kavia-master
2025-08-21 09:48:45,504 - Knowledge - INFO - Found code_base: <app.utils.kg_build.knowledge.KnowledgeCodeBase object at 0x7f133042b8d0>
2025-08-21 09:48:45,506 - Knowledge - INFO - process ingested knowledge for /app/data/b2c/9453/b8355y4/meta-rdk-9453/recipes-test/leakcheck-msg/files/utility.c
2025-08-21 09:48:45,517 - Knowledge - INFO - Found code-base-name: https://github.com/kavia-common/meta-rdk-9453.git:kavia-master
2025-08-21 09:48:45,517 - Knowledge - INFO - Found code_base: <app.utils.kg_build.knowledge.KnowledgeCodeBase object at 0x7f133042b8d0>
2025-08-21 09:48:45,519 - Knowledge - INFO - process ingested knowledge for /app/data/b2c/9453/b8355y4/meta-rdk-9453/conf/distro/include/rdkvemu.inc
2025-08-21 09:48:45,529 - Knowledge - INFO - Found code-base-name: https://github.com/kavia-common/meta-rdk-9453.git:kavia-master
2025-08-21 09:48:45,530 - Knowledge - INFO - Found code_base: <app.utils.kg_build.knowledge.KnowledgeCodeBase object at 0x7f133042b8d0>
2025-08-21 09:48:45,533 - Knowledge - INFO - process ingested knowledge for /app/data/b2c/9453/b8355y4/meta-rdk-9453/recipes-test/leakcheck-msg/files/msgq_receive.c
2025-08-21 09:48:45,545 - Knowledge - INFO - Found code-base-name: https://github.com/kavia-common/meta-rdk-9453.git:kavia-master
2025-08-21 09:48:45,545 - Knowledge - INFO - Found code_base: <app.utils.kg_build.knowledge.KnowledgeCodeBase object at 0x7f133042b8d0>
2025-08-21 09:48:45,547 - Knowledge - INFO - process ingested knowledge for /app/data/b2c/9453/b8355y4/meta-rdk-9453/conf/distro/include/rdk-external-src.inc
2025-08-21 09:48:45,608 - Knowledge - INFO - Found code-base-name: https://github.com/kavia-common/meta-rdk-9453.git:kavia-master
2025-08-21 09:48:45,608 - Knowledge - INFO - Found code_base: <app.utils.kg_build.knowledge.KnowledgeCodeBase object at 0x7f133042b8d0>
2025-08-21 09:48:45,610 - Knowledge - INFO - process ingested knowledge for /app/data/b2c/9453/b8355y4/meta-rdk-9453/conf/distro/include/rdk_multilib.inc
2025-08-21 09:48:45,622 - Knowledge - INFO - Found code-base-name: https://github.com/kavia-common/meta-rdk-9453.git:kavia-master
2025-08-21 09:48:45,622 - Knowledge - INFO - Found code_base: <app.utils.kg_build.knowledge.KnowledgeCodeBase object at 0x7f133042b8d0>
2025-08-21 09:48:45,622 - Knowledge - INFO - process ingested knowledge for /app/data/b2c/9453/b8355y4/meta-rdk-9453/recipes-extended/webkitbrowser-plugin/include/webkitbrowser_properties.inc
2025-08-21 09:48:45,637 - Knowledge - INFO - Found code-base-name: https://github.com/kavia-common/meta-rdk-9453.git:kavia-master
2025-08-21 09:48:45,637 - Knowledge - INFO - Found code_base: <app.utils.kg_build.knowledge.KnowledgeCodeBase object at 0x7f133042b8d0>
2025-08-21 09:48:45,638 - Knowledge - INFO - process ingested knowledge for /app/data/b2c/9453/b8355y4/meta-rdk-9453/recipes-support/network-zero-conf/files/board_access.sh
2025-08-21 09:48:45,694 - Knowledge - INFO - Found code-base-name: https://github.com/kavia-common/meta-rdk-9453.git:kavia-master
2025-08-21 09:48:45,694 - Knowledge - INFO - Found code_base: <app.utils.kg_build.knowledge.KnowledgeCodeBase object at 0x7f133042b8d0>
2025-08-21 09:48:45,697 - Knowledge - INFO - process ingested knowledge for /app/data/b2c/9453/b8355y4/meta-rdk-9453/recipes-test/hello/files/hello.c
2025-08-21 09:48:45,706 - Knowledge - INFO - Found code-base-name: https://github.com/kavia-common/meta-rdk-9453.git:kavia-master
2025-08-21 09:48:45,706 - Knowledge - INFO - Found code_base: <app.utils.kg_build.knowledge.KnowledgeCodeBase object at 0x7f133042b8d0>
2025-08-21 09:48:45,707 - Knowledge - INFO - process ingested knowledge for /app/data/b2c/9453/b8355y4/meta-rdk-9453/recipes-benchmark/stress-ng/files/rdk_oss_uploadSTBLogs.sh
2025-08-21 09:48:45,718 - Knowledge - INFO - Found code-base-name: https://github.com/kavia-common/meta-rdk-9453.git:kavia-master
2025-08-21 09:48:45,718 - Knowledge - INFO - Found code_base: <app.utils.kg_build.knowledge.KnowledgeCodeBase object at 0x7f133042b8d0>
2025-08-21 09:48:45,720 - Knowledge - INFO - process ingested knowledge for /app/data/b2c/9453/b8355y4/meta-rdk-9453/recipes-test/hello/files/run-hello-app.sh
2025-08-21 09:48:45,730 - Knowledge - INFO - Found code-base-name: https://github.com/kavia-common/meta-rdk-9453.git:kavia-master
2025-08-21 09:48:45,730 - Knowledge - INFO - Found code_base: <app.utils.kg_build.knowledge.KnowledgeCodeBase object at 0x7f133042b8d0>
2025-08-21 09:48:45,730 - Knowledge - INFO - process ingested knowledge for /app/data/b2c/9453/b8355y4/meta-rdk-9453/recipes-common/safec-common-wrapper/files/safec_lib.h
2025-08-21 09:48:45,794 - Knowledge - INFO - Found code-base-name: https://github.com/kavia-common/meta-rdk-9453.git:kavia-master
2025-08-21 09:48:45,794 - Knowledge - INFO - Found code_base: <app.utils.kg_build.knowledge.KnowledgeCodeBase object at 0x7f133042b8d0>
2025-08-21 09:48:45,797 - Knowledge - INFO - process ingested knowledge for /app/data/b2c/9453/b8355y4/meta-rdk-9453/recipes-core/images/sdk-common.inc
2025-08-21 09:48:45,809 - Knowledge - INFO - Found code-base-name: https://github.com/kavia-common/meta-rdk-9453.git:kavia-master
2025-08-21 09:48:45,809 - Knowledge - INFO - Found code_base: <app.utils.kg_build.knowledge.KnowledgeCodeBase object at 0x7f133042b8d0>
2025-08-21 09:48:45,810 - Knowledge - INFO - process ingested knowledge for /app/data/b2c/9453/b8355y4/meta-rdk-9453/rename_srcrev.sh
2025-08-21 09:48:45,824 - Knowledge - INFO - Found code-base-name: https://github.com/kavia-common/meta-rdk-9453.git:kavia-master
2025-08-21 09:48:45,824 - Knowledge - INFO - Found code_base: <app.utils.kg_build.knowledge.KnowledgeCodeBase object at 0x7f133042b8d0>
2025-08-21 09:48:45,826 - Knowledge - INFO - process ingested knowledge for /app/data/b2c/9453/b8355y4/meta-rdk-9453/conf/distro/include/libsoup3.inc
2025-08-21 09:48:45,836 - Knowledge - INFO - Found code-base-name: https://github.com/kavia-common/meta-rdk-9453.git:kavia-master
2025-08-21 09:48:45,837 - Knowledge - INFO - Found code_base: <app.utils.kg_build.knowledge.KnowledgeCodeBase object at 0x7f133042b8d0>
2025-08-21 09:48:45,892 - Knowledge - INFO - process ingested knowledge for /app/data/b2c/9453/b8355y4/meta-rdk-9453/conf/distro/include/rdk_backtrace_log.inc
2025-08-21 09:48:45,908 - Knowledge - INFO - Found code-base-name: https://github.com/kavia-common/meta-rdk-9453.git:kavia-master
2025-08-21 09:48:45,909 - Knowledge - INFO - Found code_base: <app.utils.kg_build.knowledge.KnowledgeCodeBase object at 0x7f133042b8d0>
2025-08-21 09:48:45,910 - Knowledge - INFO - process ingested knowledge for /app/data/b2c/9453/b8355y4/meta-rdk-9453/recipes-extended/webkitbrowser-plugin/include/webkitbrowser_memorylimits.2gb.inc
2025-08-21 09:48:45,920 - Knowledge - INFO - Found code-base-name: https://github.com/kavia-common/meta-rdk-9453.git:kavia-master
2025-08-21 09:48:45,921 - Knowledge - INFO - Found code_base: <app.utils.kg_build.knowledge.KnowledgeCodeBase object at 0x7f133042b8d0>
2025-08-21 09:48:45,921 - Knowledge - INFO - process ingested knowledge for /app/data/b2c/9453/b8355y4/meta-rdk-9453/recipes-support/network-zero-conf/files/default-time-setter.sh
2025-08-21 09:48:45,932 - Knowledge - INFO - Found code-base-name: https://github.com/kavia-common/meta-rdk-9453.git:kavia-master
2025-08-21 09:48:45,933 - Knowledge - INFO - Found code_base: <app.utils.kg_build.knowledge.KnowledgeCodeBase object at 0x7f133042b8d0>
2025-08-21 09:48:45,935 - Knowledge - INFO - process ingested knowledge for /app/data/b2c/9453/b8355y4/meta-rdk-9453/conf/include/basehash_ignore_vars.inc
2025-08-21 09:48:45,998 - Knowledge - INFO - Found code-base-name: https://github.com/kavia-common/meta-rdk-9453.git:kavia-master
2025-08-21 09:48:45,998 - Knowledge - INFO - Found code_base: <app.utils.kg_build.knowledge.KnowledgeCodeBase object at 0x7f133042b8d0>
2025-08-21 09:48:45,998 - Knowledge - INFO - process ingested knowledge for /app/data/b2c/9453/b8355y4/meta-rdk-9453/recipes-extended/webkitbrowser-plugin/files/clearWebkitBrowserCache.sh
2025-08-21 09:48:46,013 - Knowledge - INFO - Found code-base-name: https://github.com/kavia-common/meta-rdk-9453.git:kavia-master
2025-08-21 09:48:46,013 - Knowledge - INFO - Found code_base: <app.utils.kg_build.knowledge.KnowledgeCodeBase object at 0x7f133042b8d0>
2025-08-21 09:48:46,016 - Knowledge - INFO - process ingested knowledge for /app/data/b2c/9453/b8355y4/meta-rdk-9453/conf/distro/include/rdkx.inc
2025-08-21 09:48:46,032 - Knowledge - INFO - Found code-base-name: https://github.com/kavia-common/meta-rdk-9453.git:kavia-master
2025-08-21 09:48:46,032 - Knowledge - INFO - Found code_base: <app.utils.kg_build.knowledge.KnowledgeCodeBase object at 0x7f133042b8d0>
2025-08-21 09:48:46,035 - Knowledge - INFO - process ingested knowledge for /app/data/b2c/9453/b8355y4/meta-rdk-9453/conf/distro/include/rdk_lto.inc
2025-08-21 09:48:46,092 - Knowledge - INFO - Found code-base-name: https://github.com/kavia-common/meta-rdk-9453.git:kavia-master
2025-08-21 09:48:46,093 - Knowledge - INFO - Found code_base: <app.utils.kg_build.knowledge.KnowledgeCodeBase object at 0x7f133042b8d0>
2025-08-21 09:48:46,095 - Knowledge - INFO - process ingested knowledge for /app/data/b2c/9453/b8355y4/meta-rdk-9453/recipes-common/debug-tools/files/debug-tools_download.sh
2025-08-21 09:48:46,109 - Knowledge - INFO - Found code-base-name: https://github.com/kavia-common/meta-rdk-9453.git:kavia-master
2025-08-21 09:48:46,109 - Knowledge - INFO - Found code_base: <app.utils.kg_build.knowledge.KnowledgeCodeBase object at 0x7f133042b8d0>
2025-08-21 09:48:46,109 - Knowledge - INFO - process ingested knowledge for /app/data/b2c/9453/b8355y4/meta-rdk-9453/recipes-benchmark/stress-ng/files/openssl-ptest-perf_stats.sh
2025-08-21 09:48:46,122 - Knowledge - INFO - Found code-base-name: https://github.com/kavia-common/meta-rdk-9453.git:kavia-master
2025-08-21 09:48:46,122 - Knowledge - INFO - Found code_base: <app.utils.kg_build.knowledge.KnowledgeCodeBase object at 0x7f133042b8d0>
2025-08-21 09:48:46,124 - Knowledge - INFO - process ingested knowledge for /app/data/b2c/9453/b8355y4/meta-rdk-9453/recipes-core/images/rdk-generic-media-common.inc
2025-08-21 09:48:46,134 - Knowledge - INFO - Found code-base-name: https://github.com/kavia-common/meta-rdk-9453.git:kavia-master
2025-08-21 09:48:46,134 - Knowledge - INFO - Found code_base: <app.utils.kg_build.knowledge.KnowledgeCodeBase object at 0x7f133042b8d0>
2025-08-21 09:48:46,136 - Knowledge - INFO - process ingested knowledge for /app/data/b2c/9453/b8355y4/meta-rdk-9453/conf/distro/include/license_flags_accepted.inc
2025-08-21 09:48:46,193 - Knowledge - INFO - Found code-base-name: https://github.com/kavia-common/meta-rdk-9453.git:kavia-master
2025-08-21 09:48:46,193 - Knowledge - INFO - Found code_base: <app.utils.kg_build.knowledge.KnowledgeCodeBase object at 0x7f133042b8d0>
2025-08-21 09:48:46,194 - Knowledge - INFO - process ingested knowledge for /app/data/b2c/9453/b8355y4/meta-rdk-9453/recipes-extended/webkitbrowser-plugin/include/webkitbrowser_memorylimits.uhd.inc
2025-08-21 09:48:46,206 - Knowledge - INFO - Found code-base-name: https://github.com/kavia-common/meta-rdk-9453.git:kavia-master
2025-08-21 09:48:46,206 - Knowledge - INFO - Found code_base: <app.utils.kg_build.knowledge.KnowledgeCodeBase object at 0x7f133042b8d0>
2025-08-21 09:48:46,208 - Knowledge - INFO - process ingested knowledge for /app/data/b2c/9453/b8355y4/meta-rdk-9453/conf/include/hashbase_whitelist.inc
2025-08-21 09:48:46,222 - Knowledge - INFO - Found code-base-name: https://github.com/kavia-common/meta-rdk-9453.git:kavia-master
2025-08-21 09:48:46,222 - Knowledge - INFO - Found code_base: <app.utils.kg_build.knowledge.KnowledgeCodeBase object at 0x7f133042b8d0>
2025-08-21 09:48:46,224 - Knowledge - INFO - process ingested knowledge for /app/data/b2c/9453/b8355y4/meta-rdk-9453/conf/distro/include/rdkv.inc
2025-08-21 09:48:46,236 - Knowledge - INFO - Found code-base-name: https://github.com/kavia-common/meta-rdk-9453.git:kavia-master
2025-08-21 09:48:46,237 - Knowledge - INFO - Found code_base: <app.utils.kg_build.knowledge.KnowledgeCodeBase object at 0x7f133042b8d0>
2025-08-21 09:48:46,291 - Knowledge - INFO - process ingested knowledge for /app/data/b2c/9453/b8355y4/meta-rdk-9453/conf/distro/include/rdk-versions.inc
2025-08-21 09:48:46,303 - Knowledge - INFO - Found code-base-name: https://github.com/kavia-common/meta-rdk-9453.git:kavia-master
2025-08-21 09:48:46,303 - Knowledge - INFO - Found code_base: <app.utils.kg_build.knowledge.KnowledgeCodeBase object at 0x7f133042b8d0>
2025-08-21 09:48:46,305 - Knowledge - INFO - process ingested knowledge for /app/data/b2c/9453/b8355y4/meta-rdk-9453/conf/distro/include/setscene_enforce_whitelist.inc
2025-08-21 09:48:46,318 - Knowledge - INFO - Found code-base-name: https://github.com/kavia-common/meta-rdk-9453.git:kavia-master
2025-08-21 09:48:46,318 - Knowledge - INFO - Found code_base: <app.utils.kg_build.knowledge.KnowledgeCodeBase object at 0x7f133042b8d0>
2025-08-21 09:48:46,318 - Knowledge - INFO - process ingested knowledge for /app/data/b2c/9453/b8355y4/meta-rdk-9453/recipes-benchmark/stress-ng/files/capture-proc-metrics.sh
2025-08-21 09:48:46,338 - Knowledge - INFO - Found code-base-name: https://github.com/kavia-common/meta-rdk-9453.git:kavia-master
2025-08-21 09:48:46,338 - Knowledge - INFO - Found code_base: <app.utils.kg_build.knowledge.KnowledgeCodeBase object at 0x7f133042b8d0>
2025-08-21 09:48:46,340 - Knowledge - INFO - process ingested knowledge for /app/data/b2c/9453/b8355y4/meta-rdk-9453/conf/distro/include/rdkb.inc
2025-08-21 09:48:46,413 - Knowledge - INFO - Found code-base-name: https://github.com/kavia-common/meta-rdk-9453.git:kavia-master
2025-08-21 09:48:46,413 - Knowledge - INFO - Found code_base: <app.utils.kg_build.knowledge.KnowledgeCodeBase object at 0x7f133042b8d0>
2025-08-21 09:48:46,415 - Knowledge - INFO - process ingested knowledge for /app/data/b2c/9453/b8355y4/meta-rdk-9453/conf/distro/include/rdkb_backtrace_log.inc
2025-08-21 09:48:46,428 - Knowledge - INFO - Found code-base-name: https://github.com/kavia-common/meta-rdk-9453.git:kavia-master
2025-08-21 09:48:46,428 - Knowledge - INFO - Found code_base: <app.utils.kg_build.knowledge.KnowledgeCodeBase object at 0x7f133042b8d0>
2025-08-21 09:48:46,428 - Knowledge - INFO - process ingested knowledge for /app/data/b2c/9453/b8355y4/meta-rdk-9453/CONTRIBUTING.md
2025-08-21 09:48:46,438 - Knowledge - INFO - Found code-base-name: https://github.com/kavia-common/meta-rdk-9453.git:kavia-master
2025-08-21 09:48:46,438 - Knowledge - INFO - Found code_base: <app.utils.kg_build.knowledge.KnowledgeCodeBase object at 0x7f133042b8d0>
2025-08-21 09:48:46,440 - Knowledge - INFO - process ingested knowledge for /app/data/b2c/9453/b8355y4/meta-rdk-9453/conf/distro/include/setscene_enforce_ignore_tasks.inc
2025-08-21 09:48:46,495 - Knowledge - INFO - Found code-base-name: https://github.com/kavia-common/meta-rdk-9453.git:kavia-master
2025-08-21 09:48:46,495 - Knowledge - INFO - Found code_base: <app.utils.kg_build.knowledge.KnowledgeCodeBase object at 0x7f133042b8d0>
2025-08-21 09:48:46,497 - Knowledge - INFO - process ingested knowledge for /app/data/b2c/9453/b8355y4/meta-rdk-9453/recipes-common/sys_mon_tools/sys_mon_tools.inc
2025-08-21 09:48:46,507 - Knowledge - INFO - Found code-base-name: https://github.com/kavia-common/meta-rdk-9453.git:kavia-master
2025-08-21 09:48:46,507 - Knowledge - INFO - Found code_base: <app.utils.kg_build.knowledge.KnowledgeCodeBase object at 0x7f133042b8d0>
2025-08-21 09:48:46,509 - Knowledge - INFO - process ingested knowledge for /app/data/b2c/9453/b8355y4/meta-rdk-9453/conf/conf-notes.txt
2025-08-21 09:48:46,520 - Knowledge - INFO - Found code-base-name: https://github.com/kavia-common/meta-rdk-9453.git:kavia-master
2025-08-21 09:48:46,520 - Knowledge - INFO - Found code_base: <app.utils.kg_build.knowledge.KnowledgeCodeBase object at 0x7f133042b8d0>
2025-08-21 09:48:46,522 - Knowledge - INFO - process ingested knowledge for /app/data/b2c/9453/b8355y4/meta-rdk-9453/recipes-extended/webkitbrowser-plugin/include/webkitbrowser_memorylimits.default.inc
2025-08-21 09:48:46,532 - Knowledge - INFO - Found code-base-name: https://github.com/kavia-common/meta-rdk-9453.git:kavia-master
2025-08-21 09:48:46,532 - Knowledge - INFO - Found code_base: <app.utils.kg_build.knowledge.KnowledgeCodeBase object at 0x7f133042b8d0>
2025-08-21 09:48:46,534 - Knowledge - INFO - process ingested knowledge for /app/data/b2c/9453/b8355y4/meta-rdk-9453/conf/distro/include/license_flags_whitelist.inc
2025-08-21 09:48:46,601 - Knowledge - INFO - Found code-base-name: https://github.com/kavia-common/meta-rdk-9453.git:kavia-master
2025-08-21 09:48:46,601 - Knowledge - INFO - Found code_base: <app.utils.kg_build.knowledge.KnowledgeCodeBase object at 0x7f133042b8d0>
2025-08-21 09:48:46,603 - Knowledge - INFO - process ingested knowledge for /app/data/b2c/9453/b8355y4/meta-rdk-9453/recipes-core/images/rdk-esdk-override.inc
2025-08-21 09:48:46,607 - Knowledge - INFO - load persisted knowledge: end
2025-08-21 09:48:46,607 - Knowledge - INFO - load persisted docinfo: begin
2025-08-21 09:48:46,609 - Knowledge - INFO - load persisted docinfo: end
2025-08-21 09:48:47,261 - Knowledge - INFO - worker kw1 created with dedicated MongoDB connection (total: 1)
2025-08-21 09:48:47,261 - Knowledge - INFO - knowledge worker kw1 start
2025-08-21 09:48:47,262 - Knowledge - INFO - Knowledge creation complete
2025-08-21 09:48:47,292 - Knowledge - INFO - Updating org costs, total cost: 0
2025-08-21 09:48:47,302 - Knowledge - INFO - Saving knowledge to Redis...
2025-08-21 09:48:47,320 - Knowledge - INFO - Knowledge saved to Redis successfully
2025-08-21 09:49:10,990 - Knowledge - INFO - load persisted knowledge: begin
2025-08-21 09:49:11,003 - Knowledge - INFO - Found code-base-name: https://github.com/kavia-common/meta-rdk-9453.git:kavia-master
2025-08-21 09:49:11,003 - Knowledge - INFO - Found code_base: <app.utils.kg_build.knowledge.KnowledgeCodeBase object at 0x7fd349f38990>
2025-08-21 09:49:11,003 - Knowledge - INFO - process ingested knowledge for /app/data/b2c/9453/b8355y4/meta-rdk-9453/conf/distro/include/rdkc.inc
2025-08-21 09:49:11,017 - Knowledge - INFO - Found code-base-name: https://github.com/kavia-common/meta-rdk-9453.git:kavia-master
2025-08-21 09:49:11,017 - Knowledge - INFO - Found code_base: <app.utils.kg_build.knowledge.KnowledgeCodeBase object at 0x7fd349f38990>
2025-08-21 09:49:11,018 - Knowledge - INFO - process ingested knowledge for /app/data/b2c/9453/b8355y4/meta-rdk-9453/conf/distro/include/rdk_security_flags.inc
2025-08-21 09:49:11,034 - Knowledge - INFO - Found code-base-name: https://github.com/kavia-common/meta-rdk-9453.git:kavia-master
2025-08-21 09:49:11,035 - Knowledge - INFO - Found code_base: <app.utils.kg_build.knowledge.KnowledgeCodeBase object at 0x7fd349f38990>
2025-08-21 09:49:11,035 - Knowledge - INFO - process ingested knowledge for /app/data/b2c/9453/b8355y4/meta-rdk-9453/recipes-benchmark/stress-ng/files/stress-ng-tests.sh
2025-08-21 09:49:11,051 - Knowledge - INFO - Found code-base-name: https://github.com/kavia-common/meta-rdk-9453.git:kavia-master
2025-08-21 09:49:11,051 - Knowledge - INFO - Found code_base: <app.utils.kg_build.knowledge.KnowledgeCodeBase object at 0x7fd349f38990>
2025-08-21 09:49:11,051 - Knowledge - INFO - process ingested knowledge for /app/data/b2c/9453/b8355y4/meta-rdk-9453/recipes-common/gtest-apps/gtest-apps/gtest_apps_download.sh
2025-08-21 09:49:11,095 - Knowledge - INFO - Found code-base-name: https://github.com/kavia-common/meta-rdk-9453.git:kavia-master
2025-08-21 09:49:11,095 - Knowledge - INFO - Found code_base: <app.utils.kg_build.knowledge.KnowledgeCodeBase object at 0x7fd349f38990>
2025-08-21 09:49:11,095 - Knowledge - INFO - process ingested knowledge for /app/data/b2c/9453/b8355y4/meta-rdk-9453/conf/distro/include/qt5-versions.inc
2025-08-21 09:49:11,107 - Knowledge - INFO - Found code-base-name: https://github.com/kavia-common/meta-rdk-9453.git:kavia-master
2025-08-21 09:49:11,107 - Knowledge - INFO - Found code_base: <app.utils.kg_build.knowledge.KnowledgeCodeBase object at 0x7fd349f38990>
2025-08-21 09:49:11,107 - Knowledge - INFO - process ingested knowledge for /app/data/b2c/9453/b8355y4/meta-rdk-9453/recipes-containers/dobby/dobby.inc
2025-08-21 09:49:11,119 - Knowledge - INFO - Found code-base-name: https://github.com/kavia-common/meta-rdk-9453.git:kavia-master
2025-08-21 09:49:11,119 - Knowledge - INFO - Found code_base: <app.utils.kg_build.knowledge.KnowledgeCodeBase object at 0x7fd349f38990>
2025-08-21 09:49:11,119 - Knowledge - INFO - process ingested knowledge for /app/data/b2c/9453/b8355y4/meta-rdk-9453/conf/distro/include/gstreamer-versions.inc
2025-08-21 09:49:11,129 - Knowledge - INFO - Found code-base-name: https://github.com/kavia-common/meta-rdk-9453.git:kavia-master
2025-08-21 09:49:11,129 - Knowledge - INFO - Found code_base: <app.utils.kg_build.knowledge.KnowledgeCodeBase object at 0x7fd349f38990>
2025-08-21 09:49:11,132 - Knowledge - INFO - process ingested knowledge for /app/data/b2c/9453/b8355y4/meta-rdk-9453/conf/distro/include/libsoup2.inc
2025-08-21 09:49:11,142 - Knowledge - INFO - Found code-base-name: https://github.com/kavia-common/meta-rdk-9453.git:kavia-master
2025-08-21 09:49:11,142 - Knowledge - INFO - Found code_base: <app.utils.kg_build.knowledge.KnowledgeCodeBase object at 0x7fd349f38990>
2025-08-21 09:49:11,143 - Knowledge - INFO - process ingested knowledge for /app/data/b2c/9453/b8355y4/meta-rdk-9453/recipes-benchmark/stress-ng/files/openssl-ptest-stress.sh
2025-08-21 09:49:11,152 - Knowledge - INFO - Found code-base-name: https://github.com/kavia-common/meta-rdk-9453.git:kavia-master
2025-08-21 09:49:11,152 - Knowledge - INFO - Found code_base: <app.utils.kg_build.knowledge.KnowledgeCodeBase object at 0x7fd349f38990>
2025-08-21 09:49:11,152 - Knowledge - INFO - process ingested knowledge for /app/data/b2c/9453/b8355y4/meta-rdk-9453/conf/distro/include/rdk-esdk-conf.inc
2025-08-21 09:49:11,199 - Knowledge - INFO - Found code-base-name: https://github.com/kavia-common/meta-rdk-9453.git:kavia-master
2025-08-21 09:49:11,199 - Knowledge - INFO - Found code_base: <app.utils.kg_build.knowledge.KnowledgeCodeBase object at 0x7fd349f38990>
2025-08-21 09:49:11,199 - Knowledge - INFO - process ingested knowledge for /app/data/b2c/9453/b8355y4/meta-rdk-9453/recipes-extended/webkitbrowser-plugin/include/webkitbrowser_memorylimits.fhd.inc
2025-08-21 09:49:11,213 - Knowledge - INFO - Found code-base-name: https://github.com/kavia-common/meta-rdk-9453.git:kavia-master
2025-08-21 09:49:11,213 - Knowledge - INFO - Found code_base: <app.utils.kg_build.knowledge.KnowledgeCodeBase object at 0x7fd349f38990>
2025-08-21 09:49:11,213 - Knowledge - INFO - process ingested knowledge for /app/data/b2c/9453/b8355y4/meta-rdk-9453/recipes-test/leakcheck-msg/files/utility.c
2025-08-21 09:49:11,225 - Knowledge - INFO - Found code-base-name: https://github.com/kavia-common/meta-rdk-9453.git:kavia-master
2025-08-21 09:49:11,225 - Knowledge - INFO - Found code_base: <app.utils.kg_build.knowledge.KnowledgeCodeBase object at 0x7fd349f38990>
2025-08-21 09:49:11,225 - Knowledge - INFO - process ingested knowledge for /app/data/b2c/9453/b8355y4/meta-rdk-9453/conf/distro/include/rdkvemu.inc
2025-08-21 09:49:11,235 - Knowledge - INFO - Found code-base-name: https://github.com/kavia-common/meta-rdk-9453.git:kavia-master
2025-08-21 09:49:11,235 - Knowledge - INFO - Found code_base: <app.utils.kg_build.knowledge.KnowledgeCodeBase object at 0x7fd349f38990>
2025-08-21 09:49:11,235 - Knowledge - INFO - process ingested knowledge for /app/data/b2c/9453/b8355y4/meta-rdk-9453/recipes-test/leakcheck-msg/files/msgq_receive.c
2025-08-21 09:49:11,246 - Knowledge - INFO - Found code-base-name: https://github.com/kavia-common/meta-rdk-9453.git:kavia-master
2025-08-21 09:49:11,247 - Knowledge - INFO - Found code_base: <app.utils.kg_build.knowledge.KnowledgeCodeBase object at 0x7fd349f38990>
2025-08-21 09:49:11,247 - Knowledge - INFO - process ingested knowledge for /app/data/b2c/9453/b8355y4/meta-rdk-9453/conf/distro/include/rdk-external-src.inc
2025-08-21 09:49:11,290 - Knowledge - INFO - Found code-base-name: https://github.com/kavia-common/meta-rdk-9453.git:kavia-master
2025-08-21 09:49:11,290 - Knowledge - INFO - Found code_base: <app.utils.kg_build.knowledge.KnowledgeCodeBase object at 0x7fd349f38990>
2025-08-21 09:49:11,290 - Knowledge - INFO - process ingested knowledge for /app/data/b2c/9453/b8355y4/meta-rdk-9453/conf/distro/include/rdk_multilib.inc
2025-08-21 09:49:11,304 - Knowledge - INFO - Found code-base-name: https://github.com/kavia-common/meta-rdk-9453.git:kavia-master
2025-08-21 09:49:11,305 - Knowledge - INFO - Found code_base: <app.utils.kg_build.knowledge.KnowledgeCodeBase object at 0x7fd349f38990>
2025-08-21 09:49:11,305 - Knowledge - INFO - process ingested knowledge for /app/data/b2c/9453/b8355y4/meta-rdk-9453/recipes-extended/webkitbrowser-plugin/include/webkitbrowser_properties.inc
2025-08-21 09:49:11,319 - Knowledge - INFO - Found code-base-name: https://github.com/kavia-common/meta-rdk-9453.git:kavia-master
2025-08-21 09:49:11,319 - Knowledge - INFO - Found code_base: <app.utils.kg_build.knowledge.KnowledgeCodeBase object at 0x7fd349f38990>
2025-08-21 09:49:11,319 - Knowledge - INFO - process ingested knowledge for /app/data/b2c/9453/b8355y4/meta-rdk-9453/recipes-support/network-zero-conf/files/board_access.sh
2025-08-21 09:49:11,329 - Knowledge - INFO - Found code-base-name: https://github.com/kavia-common/meta-rdk-9453.git:kavia-master
2025-08-21 09:49:11,329 - Knowledge - INFO - Found code_base: <app.utils.kg_build.knowledge.KnowledgeCodeBase object at 0x7fd349f38990>
2025-08-21 09:49:11,330 - Knowledge - INFO - process ingested knowledge for /app/data/b2c/9453/b8355y4/meta-rdk-9453/recipes-test/hello/files/hello.c
2025-08-21 09:49:11,339 - Knowledge - INFO - Found code-base-name: https://github.com/kavia-common/meta-rdk-9453.git:kavia-master
2025-08-21 09:49:11,339 - Knowledge - INFO - Found code_base: <app.utils.kg_build.knowledge.KnowledgeCodeBase object at 0x7fd349f38990>
2025-08-21 09:49:11,340 - Knowledge - INFO - process ingested knowledge for /app/data/b2c/9453/b8355y4/meta-rdk-9453/recipes-benchmark/stress-ng/files/rdk_oss_uploadSTBLogs.sh
2025-08-21 09:49:11,350 - Knowledge - INFO - Found code-base-name: https://github.com/kavia-common/meta-rdk-9453.git:kavia-master
2025-08-21 09:49:11,350 - Knowledge - INFO - Found code_base: <app.utils.kg_build.knowledge.KnowledgeCodeBase object at 0x7fd349f38990>
2025-08-21 09:49:11,351 - Knowledge - INFO - process ingested knowledge for /app/data/b2c/9453/b8355y4/meta-rdk-9453/recipes-test/hello/files/run-hello-app.sh
2025-08-21 09:49:11,373 - Knowledge - INFO - Found code-base-name: https://github.com/kavia-common/meta-rdk-9453.git:kavia-master
2025-08-21 09:49:11,373 - Knowledge - INFO - Found code_base: <app.utils.kg_build.knowledge.KnowledgeCodeBase object at 0x7fd349f38990>
2025-08-21 09:49:11,373 - Knowledge - INFO - process ingested knowledge for /app/data/b2c/9453/b8355y4/meta-rdk-9453/recipes-common/safec-common-wrapper/files/safec_lib.h
2025-08-21 09:49:11,405 - Knowledge - INFO - Found code-base-name: https://github.com/kavia-common/meta-rdk-9453.git:kavia-master
2025-08-21 09:49:11,405 - Knowledge - INFO - Found code_base: <app.utils.kg_build.knowledge.KnowledgeCodeBase object at 0x7fd349f38990>
2025-08-21 09:49:11,406 - Knowledge - INFO - process ingested knowledge for /app/data/b2c/9453/b8355y4/meta-rdk-9453/recipes-core/images/sdk-common.inc
2025-08-21 09:49:11,421 - Knowledge - INFO - Found code-base-name: https://github.com/kavia-common/meta-rdk-9453.git:kavia-master
2025-08-21 09:49:11,422 - Knowledge - INFO - Found code_base: <app.utils.kg_build.knowledge.KnowledgeCodeBase object at 0x7fd349f38990>
2025-08-21 09:49:11,422 - Knowledge - INFO - process ingested knowledge for /app/data/b2c/9453/b8355y4/meta-rdk-9453/rename_srcrev.sh
2025-08-21 09:49:11,432 - Knowledge - INFO - Found code-base-name: https://github.com/kavia-common/meta-rdk-9453.git:kavia-master
2025-08-21 09:49:11,432 - Knowledge - INFO - Found code_base: <app.utils.kg_build.knowledge.KnowledgeCodeBase object at 0x7fd349f38990>
2025-08-21 09:49:11,433 - Knowledge - INFO - process ingested knowledge for /app/data/b2c/9453/b8355y4/meta-rdk-9453/conf/distro/include/libsoup3.inc
2025-08-21 09:49:11,450 - Knowledge - INFO - Found code-base-name: https://github.com/kavia-common/meta-rdk-9453.git:kavia-master
2025-08-21 09:49:11,450 - Knowledge - INFO - Found code_base: <app.utils.kg_build.knowledge.KnowledgeCodeBase object at 0x7fd349f38990>
2025-08-21 09:49:11,488 - Knowledge - INFO - process ingested knowledge for /app/data/b2c/9453/b8355y4/meta-rdk-9453/conf/distro/include/rdk_backtrace_log.inc
2025-08-21 09:49:11,500 - Knowledge - INFO - Found code-base-name: https://github.com/kavia-common/meta-rdk-9453.git:kavia-master
2025-08-21 09:49:11,500 - Knowledge - INFO - Found code_base: <app.utils.kg_build.knowledge.KnowledgeCodeBase object at 0x7fd349f38990>
2025-08-21 09:49:11,500 - Knowledge - INFO - process ingested knowledge for /app/data/b2c/9453/b8355y4/meta-rdk-9453/recipes-extended/webkitbrowser-plugin/include/webkitbrowser_memorylimits.2gb.inc
2025-08-21 09:49:11,511 - Knowledge - INFO - Found code-base-name: https://github.com/kavia-common/meta-rdk-9453.git:kavia-master
2025-08-21 09:49:11,512 - Knowledge - INFO - Found code_base: <app.utils.kg_build.knowledge.KnowledgeCodeBase object at 0x7fd349f38990>
2025-08-21 09:49:11,512 - Knowledge - INFO - process ingested knowledge for /app/data/b2c/9453/b8355y4/meta-rdk-9453/recipes-support/network-zero-conf/files/default-time-setter.sh
2025-08-21 09:49:11,525 - Knowledge - INFO - Found code-base-name: https://github.com/kavia-common/meta-rdk-9453.git:kavia-master
2025-08-21 09:49:11,525 - Knowledge - INFO - Found code_base: <app.utils.kg_build.knowledge.KnowledgeCodeBase object at 0x7fd349f38990>
2025-08-21 09:49:11,526 - Knowledge - INFO - process ingested knowledge for /app/data/b2c/9453/b8355y4/meta-rdk-9453/conf/include/basehash_ignore_vars.inc
2025-08-21 09:49:11,544 - Knowledge - INFO - Found code-base-name: https://github.com/kavia-common/meta-rdk-9453.git:kavia-master
2025-08-21 09:49:11,544 - Knowledge - INFO - Found code_base: <app.utils.kg_build.knowledge.KnowledgeCodeBase object at 0x7fd349f38990>
2025-08-21 09:49:11,545 - Knowledge - INFO - process ingested knowledge for /app/data/b2c/9453/b8355y4/meta-rdk-9453/recipes-extended/webkitbrowser-plugin/files/clearWebkitBrowserCache.sh
2025-08-21 09:49:11,595 - Knowledge - INFO - Found code-base-name: https://github.com/kavia-common/meta-rdk-9453.git:kavia-master
2025-08-21 09:49:11,595 - Knowledge - INFO - Found code_base: <app.utils.kg_build.knowledge.KnowledgeCodeBase object at 0x7fd349f38990>
2025-08-21 09:49:11,595 - Knowledge - INFO - process ingested knowledge for /app/data/b2c/9453/b8355y4/meta-rdk-9453/conf/distro/include/rdkx.inc
2025-08-21 09:49:11,606 - Knowledge - INFO - Found code-base-name: https://github.com/kavia-common/meta-rdk-9453.git:kavia-master
2025-08-21 09:49:11,606 - Knowledge - INFO - Found code_base: <app.utils.kg_build.knowledge.KnowledgeCodeBase object at 0x7fd349f38990>
2025-08-21 09:49:11,606 - Knowledge - INFO - process ingested knowledge for /app/data/b2c/9453/b8355y4/meta-rdk-9453/conf/distro/include/rdk_lto.inc
2025-08-21 09:49:11,618 - Knowledge - INFO - Found code-base-name: https://github.com/kavia-common/meta-rdk-9453.git:kavia-master
2025-08-21 09:49:11,618 - Knowledge - INFO - Found code_base: <app.utils.kg_build.knowledge.KnowledgeCodeBase object at 0x7fd349f38990>
2025-08-21 09:49:11,618 - Knowledge - INFO - process ingested knowledge for /app/data/b2c/9453/b8355y4/meta-rdk-9453/recipes-common/debug-tools/files/debug-tools_download.sh
2025-08-21 09:49:11,646 - Knowledge - INFO - Found code-base-name: https://github.com/kavia-common/meta-rdk-9453.git:kavia-master
2025-08-21 09:49:11,646 - Knowledge - INFO - Found code_base: <app.utils.kg_build.knowledge.KnowledgeCodeBase object at 0x7fd349f38990>
2025-08-21 09:49:11,647 - Knowledge - INFO - process ingested knowledge for /app/data/b2c/9453/b8355y4/meta-rdk-9453/recipes-benchmark/stress-ng/files/openssl-ptest-perf_stats.sh
2025-08-21 09:49:11,688 - Knowledge - INFO - Found code-base-name: https://github.com/kavia-common/meta-rdk-9453.git:kavia-master
2025-08-21 09:49:11,688 - Knowledge - INFO - Found code_base: <app.utils.kg_build.knowledge.KnowledgeCodeBase object at 0x7fd349f38990>
2025-08-21 09:49:11,688 - Knowledge - INFO - process ingested knowledge for /app/data/b2c/9453/b8355y4/meta-rdk-9453/recipes-core/images/rdk-generic-media-common.inc
2025-08-21 09:49:11,702 - Knowledge - INFO - Found code-base-name: https://github.com/kavia-common/meta-rdk-9453.git:kavia-master
2025-08-21 09:49:11,703 - Knowledge - INFO - Found code_base: <app.utils.kg_build.knowledge.KnowledgeCodeBase object at 0x7fd349f38990>
2025-08-21 09:49:11,703 - Knowledge - INFO - process ingested knowledge for /app/data/b2c/9453/b8355y4/meta-rdk-9453/conf/distro/include/license_flags_accepted.inc
2025-08-21 09:49:11,715 - Knowledge - INFO - Found code-base-name: https://github.com/kavia-common/meta-rdk-9453.git:kavia-master
2025-08-21 09:49:11,716 - Knowledge - INFO - Found code_base: <app.utils.kg_build.knowledge.KnowledgeCodeBase object at 0x7fd349f38990>
2025-08-21 09:49:11,716 - Knowledge - INFO - process ingested knowledge for /app/data/b2c/9453/b8355y4/meta-rdk-9453/recipes-extended/webkitbrowser-plugin/include/webkitbrowser_memorylimits.uhd.inc
2025-08-21 09:49:11,726 - Knowledge - INFO - Found code-base-name: https://github.com/kavia-common/meta-rdk-9453.git:kavia-master
2025-08-21 09:49:11,726 - Knowledge - INFO - Found code_base: <app.utils.kg_build.knowledge.KnowledgeCodeBase object at 0x7fd349f38990>
2025-08-21 09:49:11,726 - Knowledge - INFO - process ingested knowledge for /app/data/b2c/9453/b8355y4/meta-rdk-9453/conf/include/hashbase_whitelist.inc
2025-08-21 09:49:11,739 - Knowledge - INFO - Found code-base-name: https://github.com/kavia-common/meta-rdk-9453.git:kavia-master
2025-08-21 09:49:11,739 - Knowledge - INFO - Found code_base: <app.utils.kg_build.knowledge.KnowledgeCodeBase object at 0x7fd349f38990>
2025-08-21 09:49:11,739 - Knowledge - INFO - process ingested knowledge for /app/data/b2c/9453/b8355y4/meta-rdk-9453/conf/distro/include/rdkv.inc
2025-08-21 09:49:11,750 - Knowledge - INFO - Found code-base-name: https://github.com/kavia-common/meta-rdk-9453.git:kavia-master
2025-08-21 09:49:11,751 - Knowledge - INFO - Found code_base: <app.utils.kg_build.knowledge.KnowledgeCodeBase object at 0x7fd349f38990>
2025-08-21 09:49:11,751 - Knowledge - INFO - process ingested knowledge for /app/data/b2c/9453/b8355y4/meta-rdk-9453/conf/distro/include/rdk-versions.inc
2025-08-21 09:49:11,800 - Knowledge - INFO - Found code-base-name: https://github.com/kavia-common/meta-rdk-9453.git:kavia-master
2025-08-21 09:49:11,801 - Knowledge - INFO - Found code_base: <app.utils.kg_build.knowledge.KnowledgeCodeBase object at 0x7fd349f38990>
2025-08-21 09:49:11,801 - Knowledge - INFO - process ingested knowledge for /app/data/b2c/9453/b8355y4/meta-rdk-9453/conf/distro/include/setscene_enforce_whitelist.inc
2025-08-21 09:49:11,813 - Knowledge - INFO - Found code-base-name: https://github.com/kavia-common/meta-rdk-9453.git:kavia-master
2025-08-21 09:49:11,814 - Knowledge - INFO - Found code_base: <app.utils.kg_build.knowledge.KnowledgeCodeBase object at 0x7fd349f38990>
2025-08-21 09:49:11,814 - Knowledge - INFO - process ingested knowledge for /app/data/b2c/9453/b8355y4/meta-rdk-9453/recipes-benchmark/stress-ng/files/capture-proc-metrics.sh
2025-08-21 09:49:11,827 - Knowledge - INFO - Found code-base-name: https://github.com/kavia-common/meta-rdk-9453.git:kavia-master
2025-08-21 09:49:11,828 - Knowledge - INFO - Found code_base: <app.utils.kg_build.knowledge.KnowledgeCodeBase object at 0x7fd349f38990>
2025-08-21 09:49:11,828 - Knowledge - INFO - process ingested knowledge for /app/data/b2c/9453/b8355y4/meta-rdk-9453/conf/distro/include/rdkb.inc
2025-08-21 09:49:11,838 - Knowledge - INFO - Found code-base-name: https://github.com/kavia-common/meta-rdk-9453.git:kavia-master
2025-08-21 09:49:11,838 - Knowledge - INFO - Found code_base: <app.utils.kg_build.knowledge.KnowledgeCodeBase object at 0x7fd349f38990>
2025-08-21 09:49:11,838 - Knowledge - INFO - process ingested knowledge for /app/data/b2c/9453/b8355y4/meta-rdk-9453/conf/distro/include/rdkb_backtrace_log.inc
2025-08-21 09:49:11,847 - Knowledge - INFO - Found code-base-name: https://github.com/kavia-common/meta-rdk-9453.git:kavia-master
2025-08-21 09:49:11,848 - Knowledge - INFO - Found code_base: <app.utils.kg_build.knowledge.KnowledgeCodeBase object at 0x7fd349f38990>
2025-08-21 09:49:11,848 - Knowledge - INFO - process ingested knowledge for /app/data/b2c/9453/b8355y4/meta-rdk-9453/CONTRIBUTING.md
2025-08-21 09:49:11,900 - Knowledge - INFO - Found code-base-name: https://github.com/kavia-common/meta-rdk-9453.git:kavia-master
2025-08-21 09:49:11,901 - Knowledge - INFO - Found code_base: <app.utils.kg_build.knowledge.KnowledgeCodeBase object at 0x7fd349f38990>
2025-08-21 09:49:11,901 - Knowledge - INFO - process ingested knowledge for /app/data/b2c/9453/b8355y4/meta-rdk-9453/conf/distro/include/setscene_enforce_ignore_tasks.inc
2025-08-21 09:49:11,913 - Knowledge - INFO - Found code-base-name: https://github.com/kavia-common/meta-rdk-9453.git:kavia-master
2025-08-21 09:49:11,914 - Knowledge - INFO - Found code_base: <app.utils.kg_build.knowledge.KnowledgeCodeBase object at 0x7fd349f38990>
2025-08-21 09:49:11,915 - Knowledge - INFO - process ingested knowledge for /app/data/b2c/9453/b8355y4/meta-rdk-9453/recipes-common/sys_mon_tools/sys_mon_tools.inc
2025-08-21 09:49:11,926 - Knowledge - INFO - Found code-base-name: https://github.com/kavia-common/meta-rdk-9453.git:kavia-master
2025-08-21 09:49:11,927 - Knowledge - INFO - Found code_base: <app.utils.kg_build.knowledge.KnowledgeCodeBase object at 0x7fd349f38990>
2025-08-21 09:49:11,927 - Knowledge - INFO - process ingested knowledge for /app/data/b2c/9453/b8355y4/meta-rdk-9453/conf/conf-notes.txt
2025-08-21 09:49:11,939 - Knowledge - INFO - Found code-base-name: https://github.com/kavia-common/meta-rdk-9453.git:kavia-master
2025-08-21 09:49:11,939 - Knowledge - INFO - Found code_base: <app.utils.kg_build.knowledge.KnowledgeCodeBase object at 0x7fd349f38990>
2025-08-21 09:49:11,939 - Knowledge - INFO - process ingested knowledge for /app/data/b2c/9453/b8355y4/meta-rdk-9453/recipes-extended/webkitbrowser-plugin/include/webkitbrowser_memorylimits.default.inc
2025-08-21 09:49:11,996 - Knowledge - INFO - Found code-base-name: https://github.com/kavia-common/meta-rdk-9453.git:kavia-master
2025-08-21 09:49:11,996 - Knowledge - INFO - Found code_base: <app.utils.kg_build.knowledge.KnowledgeCodeBase object at 0x7fd349f38990>
2025-08-21 09:49:11,996 - Knowledge - INFO - process ingested knowledge for /app/data/b2c/9453/b8355y4/meta-rdk-9453/conf/distro/include/license_flags_whitelist.inc
2025-08-21 09:49:12,011 - Knowledge - INFO - Found code-base-name: https://github.com/kavia-common/meta-rdk-9453.git:kavia-master
2025-08-21 09:49:12,011 - Knowledge - INFO - Found code_base: <app.utils.kg_build.knowledge.KnowledgeCodeBase object at 0x7fd349f38990>
2025-08-21 09:49:12,012 - Knowledge - INFO - process ingested knowledge for /app/data/b2c/9453/b8355y4/meta-rdk-9453/recipes-core/images/rdk-esdk-override.inc
2025-08-21 09:49:12,019 - Knowledge - INFO - load persisted knowledge: end
2025-08-21 09:49:12,019 - Knowledge - INFO - load persisted docinfo: begin
2025-08-21 09:49:12,021 - Knowledge - INFO - load persisted docinfo: end
2025-08-21 09:49:12,410 - Knowledge - INFO - worker kw1 created with dedicated MongoDB connection (total: 1)
2025-08-21 09:49:12,410 - Knowledge - INFO - knowledge worker kw1 start
2025-08-21 09:49:12,412 - Knowledge - INFO - Knowledge creation complete
2025-08-21 09:49:12,415 - Knowledge - INFO - Updating org costs, total cost: 0
2025-08-21 09:49:12,420 - Knowledge - INFO - Saving knowledge to Redis...
2025-08-21 09:49:12,503 - Knowledge - INFO - Knowledge saved to Redis successfully
2025-08-21 10:10:03,035 - Knowledge - INFO - Redis support added with prefix knowledge:b8355y4:
2025-08-21 10:10:03,776 - Knowledge - INFO - load persisted knowledge: begin
2025-08-21 10:10:032025-08-21 10:10:22,166 - Knowledge - INFO - load persisted knowledge: begin
2025-08-21 10:10:22,171 - Knowledge - INFO - Found code-base-name: https://github.com/kavia-common/meta-rdk-9453.git:kavia-master
2025-08-21 10:10:22,171 - Knowledge - INFO - Found code_base: <app.utils.kg_build.knowledge.KnowledgeCodeBase object at 0x7f1f44313bd0>
2025-08-21 10:10:22,171 - Knowledge - INFO - process ingested knowledge for /app/data/b2c/9453/b8355y4/meta-rdk-9453/conf/distro/include/rdkc.inc
2025-08-21 10:10:22,175 - Knowledge - INFO - Found code-base-name: https://github.com/kavia-common/meta-rdk-9453.git:kavia-master
2025-08-21 10:10:22,175 - Knowledge - INFO - Found code_base: <app.utils.kg_build.knowledge.KnowledgeCodeBase object at 0x7f1f44313bd0>
2025-08-21 10:10:22,175 - Knowledge - INFO - process ingested knowledge for /app/data/b2c/9453/b8355y4/meta-rdk-9453/conf/distro/include/rdk_security_flags.inc
2025-08-21 10:10:22,179 - Knowledge - INFO - Found code-base-name: https://github.com/kavia-common/meta-rdk-9453.git:kavia-master
2025-08-21 10:10:22,179 - Knowledge - INFO - Found code_base: <app.utils.kg_build.knowledge.KnowledgeCodeBase object at 0x7f1f44313bd0>
2025-08-21 10:10:22,179 - Knowledge - INFO - process ingested knowledge for /app/data/b2c/9453/b8355y4/meta-rdk-9453/recipes-benchmark/stress-ng/files/stress-ng-tests.sh
2025-08-21 10:10:22,183 - Knowledge - INFO - Found code-base-name: https://github.com/kavia-common/meta-rdk-9453.git:kavia-master
2025-08-21 10:10:22,183 - Knowledge - INFO - Found code_base: <app.utils.kg_build.knowledge.KnowledgeCodeBase object at 0x7f1f44313bd0>
2025-08-21 10:10:22,183 - Knowledge - INFO - process ingested knowledge for /app/data/b2c/9453/b8355y4/meta-rdk-9453/recipes-common/gtest-apps/gtest-apps/gtest_apps_download.sh
2025-08-21 10:10:22,187 - Knowledge - INFO - Found code-base-name: https://github.com/kavia-common/meta-rdk-9453.git:kavia-master
2025-08-21 10:10:22,187 - Knowledge - INFO - Found code_base: <app.utils.kg_build.knowledge.KnowledgeCodeBase object at 0x7f1f44313bd0>
2025-08-21 10:10:22,187 - Knowledge - INFO - process ingested knowledge for /app/data/b2c/9453/b8355y4/meta-rdk-9453/conf/distro/include/qt5-versions.inc
2025-08-21 10:10:22,192 - Knowledge - INFO - Found code-base-name: https://github.com/kavia-common/meta-rdk-9453.git:kavia-master
2025-08-21 10:10:22,192 - Knowledge - INFO - Found code_base: <app.utils.kg_build.knowledge.KnowledgeCodeBase object at 0x7f1f44313bd0>
2025-08-21 10:10:22,192 - Knowledge - INFO - process ingested knowledge for /app/data/b2c/9453/b8355y4/meta-rdk-9453/recipes-containers/dobby/dobby.inc
2025-08-21 10:10:22,196 - Knowledge - INFO - Found code-base-name: https://github.com/kavia-common/meta-rdk-9453.git:kavia-master
2025-08-21 10:10:22,196 - Knowledge - INFO - Found code_base: <app.utils.kg_build.knowledge.KnowledgeCodeBase object at 0x7f1f44313bd0>
2025-08-21 10:10:22,196 - Knowledge - INFO - process ingested knowledge for /app/data/b2c/9453/b8355y4/meta-rdk-9453/conf/distro/include/gstreamer-versions.inc
2025-08-21 10:10:22,201 - Knowledge - INFO - Found code-base-name: https://github.com/kavia-common/meta-rdk-9453.git:kavia-master
2025-08-21 10:10:22,201 - Knowledge - INFO - Found code_base: <app.utils.kg_build.knowledge.KnowledgeCodeBase object at 0x7f1f44313bd0>
2025-08-21 10:10:22,201 - Knowledge - INFO - process ingested knowledge for /app/data/b2c/9453/b8355y4/meta-rdk-9453/conf/distro/include/libsoup2.inc
2025-08-21 10:10:22,205 - Knowledge - INFO - Found code-base-name: https://github.com/kavia-common/meta-rdk-9453.git:kavia-master
2025-08-21 10:10:22,205 - Knowledge - INFO - Found code_base: <app.utils.kg_build.knowledge.KnowledgeCodeBase object at 0x7f1f44313bd0>
2025-08-21 10:10:22,205 - Knowledge - INFO - process ingested knowledge for /app/data/b2c/9453/b8355y4/meta-rdk-9453/recipes-benchmark/stress-ng/files/openssl-ptest-stress.sh
2025-08-21 10:10:22,209 - Knowledge - INFO - Found code-base-name: https://github.com/kavia-common/meta-rdk-9453.git:kavia-master
2025-08-21 10:10:22,209 - Knowledge - INFO - Found code_base: <app.utils.kg_build.knowledge.KnowledgeCodeBase object at 0x7f1f44313bd0>
2025-08-21 10:10:22,209 - Knowledge - INFO - process ingested knowledge for /app/data/b2c/9453/b8355y4/meta-rdk-9453/conf/distro/include/rdk-esdk-conf.inc
2025-08-21 10:10:22,213 - Knowledge - INFO - Found code-base-name: https://github.com/kavia-common/meta-rdk-9453.git:kavia-master
2025-08-21 10:10:22,213 - Knowledge - INFO - Found code_base: <app.utils.kg_build.knowledge.KnowledgeCodeBase object at 0x7f1f44313bd0>
2025-08-21 10:10:22,213 - Knowledge - INFO - process ingested knowledge for /app/data/b2c/9453/b8355y4/meta-rdk-9453/recipes-extended/webkitbrowser-plugin/include/webkitbrowser_memorylimits.fhd.inc
2025-08-21 10:10:22,217 - Knowledge - INFO - Found code-base-name: https://github.com/kavia-common/meta-rdk-9453.git:kavia-master
2025-08-21 10:10:22,217 - Knowledge - INFO - Found code_base: <app.utils.kg_build.knowledge.KnowledgeCodeBase object at 0x7f1f44313bd0>
2025-08-21 10:10:22,217 - Knowledge - INFO - process ingested knowledge for /app/data/b2c/9453/b8355y4/meta-rdk-9453/recipes-test/leakcheck-msg/files/utility.c
2025-08-21 10:10:22,220 - Knowledge - INFO - Found code-base-name: https://github.com/kavia-common/meta-rdk-9453.git:kavia-master
2025-08-21 10:10:22,220 - Knowledge - INFO - Found code_base: <app.utils.kg_build.knowledge.KnowledgeCodeBase object at 0x7f1f44313bd0>
2025-08-21 10:10:22,220 - Knowledge - INFO - process ingested knowledge for /app/data/b2c/9453/b8355y4/meta-rdk-9453/conf/distro/include/rdkvemu.inc
2025-08-21 10:10:22,224 - Knowledge - INFO - Found code-base-name: https://github.com/kavia-common/meta-rdk-9453.git:kavia-master
2025-08-21 10:10:22,224 - Knowledge - INFO - Found code_base: <app.utils.kg_build.knowledge.KnowledgeCodeBase object at 0x7f1f44313bd0>
2025-08-21 10:10:22,224 - Knowledge - INFO - process ingested knowledge for /app/data/b2c/9453/b8355y4/meta-rdk-9453/recipes-test/leakcheck-msg/files/msgq_receive.c
2025-08-21 10:10:22,228 - Knowledge - INFO - Found code-base-name: https://github.com/kavia-common/meta-rdk-9453.git:kavia-master
2025-08-21 10:10:22,228 - Knowledge - INFO - Found code_base: <app.utils.kg_build.knowledge.KnowledgeCodeBase object at 0x7f1f44313bd0>
2025-08-21 10:10:22,229 - Knowledge - INFO - process ingested knowledge for /app/data/b2c/9453/b8355y4/meta-rdk-9453/conf/distro/include/rdk-external-src.inc
2025-08-21 10:10:22,232 - Knowledge - INFO - Found code-base-name: https://github.com/kavia-common/meta-rdk-9453.git:kavia-master
2025-08-21 10:10:22,232 - Knowledge - INFO - Found code_base: <app.utils.kg_build.knowledge.KnowledgeCodeBase object at 0x7f1f44313bd0>
2025-08-21 10:10:22,232 - Knowledge - INFO - process ingested knowledge for /app/data/b2c/9453/b8355y4/meta-rdk-9453/conf/distro/include/rdk_multilib.inc
2025-08-21 10:10:22,235 - Knowledge - INFO - Found code-base-name: https://github.com/kavia-common/meta-rdk-9453.git:kavia-master
2025-08-21 10:10:22,235 - Knowledge - INFO - Found code_base: <app.utils.kg_build.knowledge.KnowledgeCodeBase object at 0x7f1f44313bd0>
2025-08-21 10:10:22,235 - Knowledge - INFO - process ingested knowledge for /app/data/b2c/9453/b8355y4/meta-rdk-9453/recipes-extended/webkitbrowser-plugin/include/webkitbrowser_properties.inc
2025-08-21 10:10:22,239 - Knowledge - INFO - Found code-base-name: https://github.com/kavia-common/meta-rdk-9453.git:kavia-master
2025-08-21 10:10:22,239 - Knowledge - INFO - Found code_base: <app.utils.kg_build.knowledge.KnowledgeCodeBase object at 0x7f1f44313bd0>
2025-08-21 10:10:22,239 - Knowledge - INFO - process ingested knowledge for /app/data/b2c/9453/b8355y4/meta-rdk-9453/recipes-support/network-zero-conf/files/board_access.sh
2025-08-21 10:10:22,242 - Knowledge - INFO - Found code-base-name: https://github.com/kavia-common/meta-rdk-9453.git:kavia-master
2025-08-21 10:10:22,242 - Knowledge - INFO - Found code_base: <app.utils.kg_build.knowledge.KnowledgeCodeBase object at 0x7f1f44313bd0>
2025-08-21 10:10:22,243 - Knowledge - INFO - process ingested knowledge for /app/data/b2c/9453/b8355y4/meta-rdk-9453/recipes-test/hello/files/hello.c
2025-08-21 10:10:22,246 - Knowledge - INFO - Found code-base-name: https://github.com/kavia-common/meta-rdk-9453.git:kavia-master
2025-08-21 10:10:22,246 - Knowledge - INFO - Found code_base: <app.utils.kg_build.knowledge.KnowledgeCodeBase object at 0x7f1f44313bd0>
2025-08-21 10:10:22,246 - Knowledge - INFO - process ingested knowledge for /app/data/b2c/9453/b8355y4/meta-rdk-9453/recipes-benchmark/stress-ng/files/rdk_oss_uploadSTBLogs.sh
2025-08-21 10:10:22,249 - Knowledge - INFO - Found code-base-name: https://github.com/kavia-common/meta-rdk-9453.git:kavia-master
2025-08-21 10:10:22,250 - Knowledge - INFO - Found code_base: <app.utils.kg_build.knowledge.KnowledgeCodeBase object at 0x7f1f44313bd0>
2025-08-21 10:10:22,250 - Knowledge - INFO - process ingested knowledge for /app/data/b2c/9453/b8355y4/meta-rdk-9453/recipes-test/hello/files/run-hello-app.sh
2025-08-21 10:10:22,253 - Knowledge - INFO - Found code-base-name: https://github.com/kavia-common/meta-rdk-9453.git:kavia-master
2025-08-21 10:10:22,254 - Knowledge - INFO - Found code_base: <app.utils.kg_build.knowledge.KnowledgeCodeBase object at 0x7f1f44313bd0>
2025-08-21 10:10:22,254 - Knowledge - INFO - process ingested knowledge for /app/data/b2c/9453/b8355y4/meta-rdk-9453/recipes-common/safec-common-wrapper/files/safec_lib.h
2025-08-21 10:10:22,257 - Knowledge - INFO - Found code-base-name: https://github.com/kavia-common/meta-rdk-9453.git:kavia-master
2025-08-21 10:10:22,257 - Knowledge - INFO - Found code_base: <app.utils.kg_build.knowledge.KnowledgeCodeBase object at 0x7f1f44313bd0>
2025-08-21 10:10:22,257 - Knowledge - INFO - process ingested knowledge for /app/data/b2c/9453/b8355y4/meta-rdk-9453/recipes-core/images/sdk-common.inc
2025-08-21 10:10:22,261 - Knowledge - INFO - Found code-base-name: https://github.com/kavia-common/meta-rdk-9453.git:kavia-master
2025-08-21 10:10:22,261 - Knowledge - INFO - Found code_base: <app.utils.kg_build.knowledge.KnowledgeCodeBase object at 0x7f1f44313bd0>
2025-08-21 10:10:22,261 - Knowledge - INFO - process ingested knowledge for /app/data/b2c/9453/b8355y4/meta-rdk-9453/rename_srcrev.sh
2025-08-21 10:10:22,265 - Knowledge - INFO - Found code-base-name: https://github.com/kavia-common/meta-rdk-9453.git:kavia-master
2025-08-21 10:10:22,265 - Knowledge - INFO - Found code_base: <app.utils.kg_build.knowledge.KnowledgeCodeBase object at 0x7f1f44313bd0>
2025-08-21 10:10:22,265 - Knowledge - INFO - process ingested knowledge for /app/data/b2c/9453/b8355y4/meta-rdk-9453/conf/distro/include/libsoup3.inc
2025-08-21 10:10:22,269 - Knowledge - INFO - Found code-base-name: https://github.com/kavia-common/meta-rdk-9453.git:kavia-master
2025-08-21 10:10:22,269 - Knowledge - INFO - Found code_base: <app.utils.kg_build.knowledge.KnowledgeCodeBase object at 0x7f1f44313bd0>
2025-08-21 10:10:22,269 - Knowledge - INFO - process ingested knowledge for /app/data/b2c/9453/b8355y4/meta-rdk-9453/conf/distro/include/rdk_backtrace_log.inc
2025-08-21 10:10:22,272 - Knowledge - INFO - Found code-base-name: https://github.com/kavia-common/meta-rdk-9453.git:kavia-master
2025-08-21 10:10:22,273 - Knowledge - INFO - Found code_base: <app.utils.kg_build.knowledge.KnowledgeCodeBase object at 0x7f1f44313bd0>
2025-08-21 10:10:22,273 - Knowledge - INFO - process ingested knowledge for /app/data/b2c/9453/b8355y4/meta-rdk-9453/recipes-extended/webkitbrowser-plugin/include/webkitbrowser_memorylimits.2gb.inc
2025-08-21 10:10:22,278 - Knowledge - INFO - Found code-base-name: https://github.com/kavia-common/meta-rdk-9453.git:kavia-master
2025-08-21 10:10:22,278 - Knowledge - INFO - Found code_base: <app.utils.kg_build.knowledge.KnowledgeCodeBase object at 0x7f1f44313bd0>
2025-08-21 10:10:22,279 - Knowledge - INFO - process ingested knowledge for /app/data/b2c/9453/b8355y4/meta-rdk-9453/recipes-support/network-zero-conf/files/default-time-setter.sh
2025-08-21 10:10:22,288 - Knowledge - INFO - Found code-base-name: https://github.com/kavia-common/meta-rdk-9453.git:kavia-master
2025-08-21 10:10:22,289 - Knowledge - INFO - Found code_base: <app.utils.kg_build.knowledge.KnowledgeCodeBase object at 0x7f1f44313bd0>
2025-08-21 10:10:22,289 - Knowledge - INFO - process ingested knowledge for /app/data/b2c/9453/b8355y4/meta-rdk-9453/conf/include/basehash_ignore_vars.inc
2025-08-21 10:10:22,292 - Knowledge - INFO - Found code-base-name: https://github.com/kavia-common/meta-rdk-9453.git:kavia-master
2025-08-21 10:10:22,292 - Knowledge - INFO - Found code_base: <app.utils.kg_build.knowledge.KnowledgeCodeBase object at 0x7f1f44313bd0>
2025-08-21 10:10:22,292 - Knowledge - INFO - process ingested knowledge for /app/data/b2c/9453/b8355y4/meta-rdk-9453/recipes-extended/webkitbrowser-plugin/files/clearWebkitBrowserCache.sh
2025-08-21 10:10:22,295 - Knowledge - INFO - Found code-base-name: https://github.com/kavia-common/meta-rdk-9453.git:kavia-master
2025-08-21 10:10:22,296 - Knowledge - INFO - Found code_base: <app.utils.kg_build.knowledge.KnowledgeCodeBase object at 0x7f1f44313bd0>
2025-08-21 10:10:22,296 - Knowledge - INFO - process ingested knowledge for /app/data/b2c/9453/b8355y4/meta-rdk-9453/conf/distro/include/rdkx.inc
2025-08-21 10:10:22,299 - Knowledge - INFO - Found code-base-name: https://github.com/kavia-common/meta-rdk-9453.git:kavia-master
2025-08-21 10:10:22,299 - Knowledge - INFO - Found code_base: <app.utils.kg_build.knowledge.KnowledgeCodeBase object at 0x7f1f44313bd0>
2025-08-21 10:10:22,299 - Knowledge - INFO - process ingested knowledge for /app/data/b2c/9453/b8355y4/meta-rdk-9453/conf/distro/include/rdk_lto.inc
2025-08-21 10:10:22,303 - Knowledge - INFO - Found code-base-name: https://github.com/kavia-common/meta-rdk-9453.git:kavia-master
2025-08-21 10:10:22,303 - Knowledge - INFO - Found code_base: <app.utils.kg_build.knowledge.KnowledgeCodeBase object at 0x7f1f44313bd0>
2025-08-21 10:10:22,303 - Knowledge - INFO - process ingested knowledge for /app/data/b2c/9453/b8355y4/meta-rdk-9453/recipes-common/debug-tools/files/debug-tools_download.sh
2025-08-21 10:10:22,307 - Knowledge - INFO - Found code-base-name: https://github.com/kavia-common/meta-rdk-9453.git:kavia-master
2025-08-21 10:10:22,308 - Knowledge - INFO - Found code_base: <app.utils.kg_build.knowledge.KnowledgeCodeBase object at 0x7f1f44313bd0>
2025-08-21 10:10:22,308 - Knowledge - INFO - process ingested knowledge for /app/data/b2c/9453/b8355y4/meta-rdk-9453/recipes-benchmark/stress-ng/files/openssl-ptest-perf_stats.sh
2025-08-21 10:10:22,311 - Knowledge - INFO - Found code-base-name: https://github.com/kavia-common/meta-rdk-9453.git:kavia-master
2025-08-21 10:10:22,311 - Knowledge - INFO - Found code_base: <app.utils.kg_build.knowledge.KnowledgeCodeBase object at 0x7f1f44313bd0>
2025-08-21 10:10:22,312 - Knowledge - INFO - process ingested knowledge for /app/data/b2c/9453/b8355y4/meta-rdk-9453/recipes-core/images/rdk-generic-media-common.inc
2025-08-21 10:10:22,315 - Knowledge - INFO - Found code-base-name: https://github.com/kavia-common/meta-rdk-9453.git:kavia-master
2025-08-21 10:10:22,315 - Knowledge - INFO - Found code_base: <app.utils.kg_build.knowledge.KnowledgeCodeBase object at 0x7f1f44313bd0>
2025-08-21 10:10:22,315 - Knowledge - INFO - process ingested knowledge for /app/data/b2c/9453/b8355y4/meta-rdk-9453/conf/distro/include/license_flags_accepted.inc
2025-08-21 10:10:22,319 - Knowledge - INFO - Found code-base-name: https://github.com/kavia-common/meta-rdk-9453.git:kavia-master
2025-08-21 10:10:22,319 - Knowledge - INFO - Found code_base: <app.utils.kg_build.knowledge.KnowledgeCodeBase object at 0x7f1f44313bd0>
2025-08-21 10:10:22,319 - Knowledge - INFO - process ingested knowledge for /app/data/b2c/9453/b8355y4/meta-rdk-9453/recipes-extended/webkitbrowser-plugin/include/webkitbrowser_memorylimits.uhd.inc
2025-08-21 10:10:22,323 - Knowledge - INFO - Found code-base-name: https://github.com/kavia-common/meta-rdk-9453.git:kavia-master
2025-08-21 10:10:22,323 - Knowledge - INFO - Found code_base: <app.utils.kg_build.knowledge.KnowledgeCodeBase object at 0x7f1f44313bd0>
2025-08-21 10:10:22,323 - Knowledge - INFO - process ingested knowledge for /app/data/b2c/9453/b8355y4/meta-rdk-9453/conf/include/hashbase_whitelist.inc
2025-08-21 10:10:22,327 - Knowledge - INFO - Found code-base-name: https://github.com/kavia-common/meta-rdk-9453.git:kavia-master
2025-08-21 10:10:22,327 - Knowledge - INFO - Found code_base: <app.utils.kg_build.knowledge.KnowledgeCodeBase object at 0x7f1f44313bd0>
2025-08-21 10:10:22,327 - Knowledge - INFO - process ingested knowledge for /app/data/b2c/9453/b8355y4/meta-rdk-9453/conf/distro/include/rdkv.inc
2025-08-21 10:10:22,331 - Knowledge - INFO - Found code-base-name: https://github.com/kavia-common/meta-rdk-9453.git:kavia-master
2025-08-21 10:10:22,331 - Knowledge - INFO - Found code_base: <app.utils.kg_build.knowledge.KnowledgeCodeBase object at 0x7f1f44313bd0>
2025-08-21 10:10:22,331 - Knowledge - INFO - process ingested knowledge for /app/data/b2c/9453/b8355y4/meta-rdk-9453/conf/distro/include/rdk-versions.inc
2025-08-21 10:10:22,335 - Knowledge - INFO - Found code-base-name: https://github.com/kavia-common/meta-rdk-9453.git:kavia-master
2025-08-21 10:10:22,335 - Knowledge - INFO - Found code_base: <app.utils.kg_build.knowledge.KnowledgeCodeBase object at 0x7f1f44313bd0>
2025-08-21 10:10:22,335 - Knowledge - INFO - process ingested knowledge for /app/data/b2c/9453/b8355y4/meta-rdk-9453/conf/distro/include/setscene_enforce_whitelist.inc
2025-08-21 10:10:22,338 - Knowledge - INFO - Found code-base-name: https://github.com/kavia-common/meta-rdk-9453.git:kavia-master
2025-08-21 10:10:22,338 - Knowledge - INFO - Found code_base: <app.utils.kg_build.knowledge.KnowledgeCodeBase object at 0x7f1f44313bd0>
2025-08-21 10:10:22,338 - Knowledge - INFO - process ingested knowledge for /app/data/b2c/9453/b8355y4/meta-rdk-9453/recipes-benchmark/stress-ng/files/capture-proc-metrics.sh
2025-08-21 10:10:22,342 - Knowledge - INFO - Found code-base-name: https://github.com/kavia-common/meta-rdk-9453.git:kavia-master
2025-08-21 10:10:22,342 - Knowledge - INFO - Found code_base: <app.utils.kg_build.knowledge.KnowledgeCodeBase object at 0x7f1f44313bd0>
2025-08-21 10:10:22,342 - Knowledge - INFO - process ingested knowledge for /app/data/b2c/9453/b8355y4/meta-rdk-9453/conf/distro/include/rdkb.inc
2025-08-21 10:10:22,346 - Knowledge - INFO - Found code-base-name: https://github.com/kavia-common/meta-rdk-9453.git:kavia-master
2025-08-21 10:10:22,346 - Knowledge - INFO - Found code_base: <app.utils.kg_build.knowledge.KnowledgeCodeBase object at 0x7f1f44313bd0>
2025-08-21 10:10:22,346 - Knowledge - INFO - process ingested knowledge for /app/data/b2c/9453/b8355y4/meta-rdk-9453/conf/distro/include/rdkb_backtrace_log.inc
2025-08-21 10:10:22,350 - Knowledge - INFO - Found code-base-name: https://github.com/kavia-common/meta-rdk-9453.git:kavia-master
2025-08-21 10:10:22,350 - Knowledge - INFO - Found code_base: <app.utils.kg_build.knowledge.KnowledgeCodeBase object at 0x7f1f44313bd0>
2025-08-21 10:10:22,350 - Knowledge - INFO - process ingested knowledge for /app/data/b2c/9453/b8355y4/meta-rdk-9453/CONTRIBUTING.md
2025-08-21 10:10:22,354 - Knowledge - INFO - Found code-base-name: https://github.com/kavia-common/meta-rdk-9453.git:kavia-master
2025-08-21 10:10:22,354 - Knowledge - INFO - Found code_base: <app.utils.kg_build.knowledge.KnowledgeCodeBase object at 0x7f1f44313bd0>
2025-08-21 10:10:22,354 - Knowledge - INFO - process ingested knowledge for /app/data/b2c/9453/b8355y4/meta-rdk-9453/conf/distro/include/setscene_enforce_ignore_tasks.inc
2025-08-21 10:10:22,359 - Knowledge - INFO - Found code-base-name: https://github.com/kavia-common/meta-rdk-9453.git:kavia-master
2025-08-21 10:10:22,359 - Knowledge - INFO - Found code_base: <app.utils.kg_build.knowledge.KnowledgeCodeBase object at 0x7f1f44313bd0>
2025-08-21 10:10:22,359 - Knowledge - INFO - process ingested knowledge for /app/data/b2c/9453/b8355y4/meta-rdk-9453/recipes-common/sys_mon_tools/sys_mon_tools.inc
2025-08-21 10:10:22,363 - Knowledge - INFO - Found code-base-name: https://github.com/kavia-common/meta-rdk-9453.git:kavia-master
2025-08-21 10:10:22,363 - Knowledge - INFO - Found code_base: <app.utils.kg_build.knowledge.KnowledgeCodeBase object at 0x7f1f44313bd0>
2025-08-21 10:10:22,363 - Knowledge - INFO - process ingested knowledge for /app/data/b2c/9453/b8355y4/meta-rdk-9453/conf/conf-notes.txt
2025-08-21 10:10:22,367 - Knowledge - INFO - Found code-base-name: https://github.com/kavia-common/meta-rdk-9453.git:kavia-master
2025-08-21 10:10:22,367 - Knowledge - INFO - Found code_base: <app.utils.kg_build.knowledge.KnowledgeCodeBase object at 0x7f1f44313bd0>
2025-08-21 10:10:22,367 - Knowledge - INFO - process ingested knowledge for /app/data/b2c/9453/b8355y4/meta-rdk-9453/recipes-extended/webkitbrowser-plugin/include/webkitbrowser_memorylimits.default.inc
2025-08-21 10:10:22,370 - Knowledge - INFO - Found code-base-name: https://github.com/kavia-common/meta-rdk-9453.git:kavia-master
2025-08-21 10:10:22,370 - Knowledge - INFO - Found code_base: <app.utils.kg_build.knowledge.KnowledgeCodeBase object at 0x7f1f44313bd0>
2025-08-21 10:10:22,371 - Knowledge - INFO - process ingested knowledge for /app/data/b2c/9453/b8355y4/meta-rdk-9453/conf/distro/include/license_flags_whitelist.inc
2025-08-21 10:10:22,374 - Knowledge - INFO - Found code-base-name: https://github.com/kavia-common/meta-rdk-9453.git:kavia-master
2025-08-21 10:10:22,374 - Knowledge - INFO - Found code_base: <app.utils.kg_build.knowledge.KnowledgeCodeBase object at 0x7f1f44313bd0>
2025-08-21 10:10:22,374 - Knowledge - INFO - process ingested knowledge for /app/data/b2c/9453/b8355y4/meta-rdk-9453/recipes-core/images/rdk-esdk-override.inc
2025-08-21 10:10:22,377 - Knowledge - INFO - load persisted knowledge: end
2025-08-21 10:10:22,377 - Knowledge - INFO - load persisted docinfo: begin
2025-08-21 10:10:22,377 - Knowledge - INFO - load persisted docinfo: end
2025-08-21 10:10:22,525 - Knowledge - INFO - worker kw1 created with dedicated MongoDB connection (total: 1)
2025-08-21 10:10:22,526 - Knowledge - INFO - knowledge worker kw1 start
2025-08-21 10:10:22,528 - Knowledge - INFO - Knowledge creation complete
2025-08-21 10:10:22,533 - Knowledge - INFO - Updating org costs, total cost: 0
2025-08-21 10:10:22,536 - Knowledge - INFO - Saving knowledge to Redis...
2025-08-21 10:10:22,558 - Knowledge - INFO - Knowledge saved to Redis successfully
